id;pos_picking;model;parent_part_no;suffix_master;child_part_no;qty_picking;status
1;SMALL1_L7;D74A;71200-BYC00;T9;71812-BZ340-C0;1;Active
2;SMALL1_L7;D74A;71200-BYC00;T9;72129-BZ110;2;Active
3;SMALL1_L7;D74A;71200-BYC00;T9;73230-BZE40;1;Active
4;SMALL1_L7;D74A;71200-BYC00;T9;72552-B1010;1;Active
5;SMALL1_L7;D74A;71200-BYC00;T9;72992-BZ050-C0;1;Active
6;SMALL1_L7;D74A;71200-BYC00;T9;72526-BZ110-C0;1;Active
7;SMALL1_L7;D74A;71200-BYC00;T9;71832-BZ100-C0;1;Active
8;SMALL1_L7;D74A;71200-BYC10;7F, 7G, T6, T8;71812-BZ340-C0;1;Active
9;SMALL1_L7;D74A;71200-BYC10;7F, 7G, T6, T8;72129-BZ110;2;Active
10;SMALL1_L7;D74A;71200-BYC10;7F, 7G, T6, T8;73230-BZE40;1;Active
11;SMALL1_L7;D74A;71200-BYC10;7F, 7G, T6, T8;72552-B1010;1;Active
12;SMALL1_L7;D74A;71200-BYC10;7F, 7G, T6, T8;72992-BZ050-C0;1;Active
13;SMALL1_L7;D74A;71200-BYC10;7F, 7G, T6, T8;72526-BZ110-C0;1;Active
14;SMALL1_L7;D74A;71200-BYC10;7F, 7G, T6, T8;71832-BZ100-C0;1;Active
15;SMALL1_L7;D74A;71200-BYC30;7A, 7C, 7E;71812-BZ340-C0;1;Active
16;SMALL1_L7;D74A;71200-BYC30;7A, 7C, 7E;72129-BZ110;2;Active
17;SMALL1_L7;D74A;71200-BYC30;7A, 7C, 7E;73230-BZE40;1;Active
18;SMALL1_L7;D74A;71200-BYC30;7A, 7C, 7E;72552-B1010;1;Active
19;SMALL1_L7;D74A;71200-BYC30;7A, 7C, 7E;72992-BZ050-C0;1;Active
20;SMALL1_L7;D74A;71200-BYC30;7A, 7C, 7E;72526-BZ110-C0;1;Active
21;SMALL1_L7;D74A;71200-BYC30;7A, 7C, 7E;71832-BZ100-C0;1;Active
22;SMALL1_L7;D74A;71200-BYC30;7A, 7C, 7E;71930-B2030-C0;1;Active
23;SMALL1_L7;D74A;71200-BYC30;7A, 7C, 7E;71931-B2030-C0;1;Active
24;SMALL1_L7;D74A;71200-BYC30;7A, 7C, 7E;71910-BZF90;1;Active
25;SMALL1_L7;D74A;71200-BYJ70;7B, 7D;71812-BZ340-C0;1;Active
26;SMALL1_L7;D74A;71200-BYJ70;7B, 7D;72129-BZ110;2;Active
27;SMALL1_L7;D74A;71200-BYJ70;7B, 7D;73230-BZE40;1;Active
28;SMALL1_L7;D74A;71200-BYJ70;7B, 7D;72552-B1010;1;Active
29;SMALL1_L7;D74A;71200-BYJ70;7B, 7D;72992-BZ050-C0;1;Active
30;SMALL1_L7;D74A;71200-BYJ70;7B, 7D;72526-BZ110-C0;1;Active
31;SMALL1_L7;D74A;71200-BYJ70;7B, 7D;71832-BZ100-C0;1;Active
32;SMALL1_L7;D74A;71200-BYJ70;7B, 7D;71930-B2030-C0;1;Active
33;SMALL1_L7;D74A;71200-BYJ70;7B, 7D;71931-B2030-C0;1;Active
34;SMALL1_L7;D74A;71200-BYJ70;7B, 7D;71910-BZM00;1;Active
35;SMALL1_L7;D74A;71200-BYC30;68, 69, T5, ZJ, ZK;71812-BZ340-C0;1;Active
36;SMALL1_L7;D74A;71200-BYC30;68, 69, T5, ZJ, ZK;72129-BZ110;2;Active
37;SMALL1_L7;D74A;71200-BYC30;68, 69, T5, ZJ, ZK;73230-BZE40;1;Active
38;SMALL1_L7;D74A;71200-BYC30;68, 69, T5, ZJ, ZK;72552-B1010;1;Active
39;SMALL1_L7;D74A;71200-BYC30;68, 69, T5, ZJ, ZK;72992-BZ050-C0;1;Active
40;SMALL1_L7;D74A;71200-BYC30;68, 69, T5, ZJ, ZK;72526-BZ110-C0;1;Active
41;SMALL1_L7;D74A;71200-BYC30;68, 69, T5, ZJ, ZK;71832-BZ100-C0;1;Active
42;SMALL1_L7;D74A;71200-BYC30;68, 69, T5, ZJ, ZK;71930-B2030-C0;1;Active
43;SMALL1_L7;D74A;71200-BYC30;68, 69, T5, ZJ, ZK;71931-B2030-C0;1;Active
44;SMALL1_L7;D74A;71200-BYC30;68, 69, T5, ZJ, ZK;71910-BZF90;1;Active
45;SMALL1_L7;D74A;71200-BYC50;WA, WB, WC, XK, ZC, ZE, ZF, ZG, ZH, 9F;71812-BZ340-C0;1;Active
46;SMALL1_L7;D74A;71200-BYC50;WA, WB, WC, XK, ZC, ZE, ZF, ZG, ZH, 9F;72993-BZ030;1;Active
47;SMALL1_L7;D74A;71200-BYC50;WA, WB, WC, XK, ZC, ZE, ZF, ZG, ZH, 9F;73230-BZE30;1;Active
48;SMALL1_L7;D74A;71200-BYC50;WA, WB, WC, XK, ZC, ZE, ZF, ZG, ZH, 9F;72129-BZ110;2;Active
49;SMALL1_L7;D74A;71200-BYC50;WA, WB, WC, XK, ZC, ZE, ZF, ZG, ZH, 9F;72552-B1010;1;Active
50;SMALL1_L7;D74A;71200-BYC50;WA, WB, WC, XK, ZC, ZE, ZF, ZG, ZH, 9F;72992-BZ050-C0;1;Active
51;SMALL1_L7;D74A;71200-BYC50;WA, WB, WC, XK, ZC, ZE, ZF, ZG, ZH, 9F;72526-BZ110-C0;1;Active
52;SMALL1_L7;D74A;71200-BYC50;WA, WB, WC, XK, ZC, ZE, ZF, ZG, ZH, 9F;71832-BZ100-C0;1;Active
53;SMALL1_L7;D74A;71200-BYC70;62, 65, 66, 5H, 5J, U2, VV, VX, VY, VZ, YD, YN, ZA, ZB, 9G;72266-BZ020-C0;1;Active
54;SMALL1_L7;D74A;71200-BYC70;62, 65, 66, 5H, 5J, U2, VV, VX, VY, VZ, YD, YN, ZA, ZB, 9G;71812-BZ350-C0;1;Active
55;SMALL1_L7;D74A;71200-BYC70;62, 65, 66, 5H, 5J, U2, VV, VX, VY, VZ, YD, YN, ZA, ZB, 9G;71868-BZ020-C0;1;Active
56;SMALL1_L7;D74A;71200-BYC70;62, 65, 66, 5H, 5J, U2, VV, VX, VY, VZ, YD, YN, ZA, ZB, 9G;72462-BZ090-C0;1;Active
57;SMALL1_L7;D74A;71200-BYC70;62, 65, 66, 5H, 5J, U2, VV, VX, VY, VZ, YD, YN, ZA, ZB, 9G;72413-BZ120-C0;1;Active
58;SMALL1_L7;D74A;71200-BYC70;62, 65, 66, 5H, 5J, U2, VV, VX, VY, VZ, YD, YN, ZA, ZB, 9G;72991-BZ090;1;Active
59;SMALL1_L7;D74A;71200-BYC70;62, 65, 66, 5H, 5J, U2, VV, VX, VY, VZ, YD, YN, ZA, ZB, 9G;72129-BZ110;2;Active
60;SMALL1_L7;D74A;71200-BYC70;62, 65, 66, 5H, 5J, U2, VV, VX, VY, VZ, YD, YN, ZA, ZB, 9G;72413-BZ150-C0;1;Active
61;SMALL1_L7;D74A;71200-BYC70;62, 65, 66, 5H, 5J, U2, VV, VX, VY, VZ, YD, YN, ZA, ZB, 9G;73230-BZE50;1;Active
62;SMALL1_L7;D74A;71200-BYC70;62, 65, 66, 5H, 5J, U2, VV, VX, VY, VZ, YD, YN, ZA, ZB, 9G;72552-B1010;1;Active
63;SMALL1_L7;D74A;71200-BYC70;62, 65, 66, 5H, 5J, U2, VV, VX, VY, VZ, YD, YN, ZA, ZB, 9G;72992-BZ050-C0;1;Active
64;SMALL1_L7;D74A;71200-BYC70;62, 65, 66, 5H, 5J, U2, VV, VX, VY, VZ, YD, YN, ZA, ZB, 9G;72526-BZ110-C0;1;Active
65;SMALL1_L7;D74A;71200-BYC70;62, 65, 66, 5H, 5J, U2, VV, VX, VY, VZ, YD, YN, ZA, ZB, 9G;71930-B2030-C0;1;Active
66;SMALL1_L7;D74A;71200-BYC70;62, 65, 66, 5H, 5J, U2, VV, VX, VY, VZ, YD, YN, ZA, ZB, 9G;71931-B2030-C0;1;Active
67;SMALL1_L7;D74A;71200-BYC70;62, 65, 66, 5H, 5J, U2, VV, VX, VY, VZ, YD, YN, ZA, ZB, 9G;71910-BZF90;1;Active
68;SMALL1_L7;D74A;71200-BYG70;64, 67;71812-BZ340-C0;1;Active
69;SMALL1_L7;D74A;71200-BYG70;64, 67;73230-BZE30;1;Active
70;SMALL1_L7;D74A;71200-BYG70;64, 67;72991-BZ090;1;Active
71;SMALL1_L7;D74A;71200-BYG70;64, 67;72129-BZ110;2;Active
72;SMALL1_L7;D74A;71200-BYG70;64, 67;72552-B1010;1;Active
73;SMALL1_L7;D74A;71200-BYG70;64, 67;72992-BZ050-C0;1;Active
74;SMALL1_L7;D74A;71200-BYG70;64, 67;72526-BZ110-C0;1;Active
75;SMALL1_L7;D74A;71200-BYG70;64, 67;71832-BZ100-C0;1;Active
76;SMALL1_L7;D74A;71200-BYG70;64, 67;71930-B2030-C0;1;Active
77;SMALL1_L7;D74A;71200-BYG70;64, 67;71931-B2030-C0;1;Active
78;SMALL1_L7;D74A;71200-BYG70;64, 67;71910-BZF90;1;Active
79;SMALL1_L7;D74A;71200-BYG60;VW;72266-BZ020-C0;1;Active
80;SMALL1_L7;D74A;71200-BYG60;VW;71812-BZ350-C0;1;Active
81;SMALL1_L7;D74A;71200-BYG60;VW;71868-BZ020-C0;1;Active
82;SMALL1_L7;D74A;71200-BYG60;VW;72462-BZ090-C0;1;Active
83;SMALL1_L7;D74A;71200-BYG60;VW;72413-BZ120-C0;1;Active
84;SMALL1_L7;D74A;71200-BYG60;VW;72991-BZ090;1;Active
85;SMALL1_L7;D74A;71200-BYG60;VW;72129-BZ110;2;Active
86;SMALL1_L7;D74A;71200-BYG60;VW;72413-BZ150-C0;1;Active
87;SMALL1_L7;D74A;71200-BYG60;VW;73230-BZE50;1;Active
88;SMALL1_L7;D74A;71200-BYG60;VW;72552-B1010;1;Active
89;SMALL1_L7;D74A;71200-BYG60;VW;72992-BZ050-C0;1;Active
90;SMALL1_L7;D74A;71200-BYG60;VW;72526-BZ110-C0;1;Active
91;SMALL1_L7;D74A;71200-BYG60;VW;71930-B2030-C0;1;Active
92;SMALL1_L7;D74A;71200-BYG60;VW;71931-B2030-C0;1;Active
93;SMALL1_L7;D74A;71200-BYG60;VW;71910-BZF90;1;Active
94;SMALL1_L7;D26A;71200-BY460;RU, RV;72991-BZ090;1;Active
95;SMALL1_L7;D26A;71200-BY460;RU, RV;72129-BZ110;2;Active
96;SMALL1_L7;D26A;71200-BY460;RU, RV;72552-B1010;1;Active
97;SMALL1_L7;D26A;71200-BY460;RU, RV;71812-BZ280;1;Active
98;SMALL1_L7;D26A;71200-BY460;RU, RV;73230-BZC00;1;Active
99;SMALL1_L7;D26A;71200-BY460;RU, RV;71910-BZG50;1;Active
100;SMALL1_L7;D26A;71200-BY450;EC;72991-BZ090;1;Active
101;SMALL1_L7;D26A;71200-BY450;EC;72129-BZ110;2;Active
102;SMALL1_L7;D26A;71200-BY450;EC;72552-B1010;1;Active
103;SMALL1_L7;D26A;71200-BY450;EC;71812-BZ280;1;Active
104;SMALL1_L7;D26A;71200-BY450;EC;73230-BZB90;1;Active
105;SMALL1_L7;D26A;71200-BY450;EC;71910-BZG50;1;Active
106;SMALL1_L7;D26A;71200-BY450;SL, SR, SS;72991-BZ090;1;Active
107;SMALL1_L7;D26A;71200-BY450;SL, SR, SS;72129-BZ110;2;Active
108;SMALL1_L7;D26A;71200-BY450;SL, SR, SS;72552-B1010;1;Active
109;SMALL1_L7;D26A;71200-BY450;SL, SR, SS;71812-BZ280;1;Active
110;SMALL1_L7;D26A;71200-BY450;SL, SR, SS;73230-BZB90;1;Active
111;SMALL1_L7;D26A;71200-BY450;SL, SR, SS;71910-BZG50;1;Active
112;SMALL1_L7;D26A;71200-BYM20;96;72991-BZ090;1;Active
113;SMALL1_L7;D26A;71200-BYM20;96;72129-BZ110;2;Active
114;SMALL1_L7;D26A;71200-BYM20;96;72552-B1010;1;Active
115;SMALL1_L7;D26A;71200-BYM20;96;71812-BZ280;1;Active
116;SMALL1_L7;D26A;71200-BYM20;96;73230-BZB90;1;Active
117;SMALL1_L7;D26A;71200-BYM20;96;71910-BZJ70;1;Active
118;SMALL1_L7;D26A;71200-BY430;SQ, ST;72991-BZ090;1;Active
119;SMALL1_L7;D26A;71200-BY430;SQ, ST;72129-BZ110;2;Active
120;SMALL1_L7;D26A;71200-BY430;SQ, ST;72552-B1010;1;Active
121;SMALL1_L7;D26A;71200-BY430;SQ, ST;71812-BZ280;1;Active
122;SMALL1_L7;D26A;71200-BY430;SQ, ST;73230-BZB90;1;Active
123;SMALL1_L7;D26A;71200-BY430;SQ, ST;71910-BZJ70;1;Active
124;SMALL1_L7;D26A;71200-BY440;SV, SX;72991-BZ090;1;Active
125;SMALL1_L7;D26A;71200-BY440;SV, SX;72129-BZ110;2;Active
126;SMALL1_L7;D26A;71200-BY440;SV, SX;72552-B1010;1;Active
127;SMALL1_L7;D26A;71200-BY440;SV, SX;71812-BZ280;1;Active
128;SMALL1_L7;D26A;71200-BY440;SV, SX;73230-BZC00;1;Active
129;SMALL1_L7;D26A;71200-BY440;SV, SX;71910-BZJ70;1;Active
130;SMALL1_L7;D26A;71200-BY580;SW;72991-BZ090;1;Active
131;SMALL1_L7;D26A;71200-BY580;SW;72129-BZ110;2;Active
132;SMALL1_L7;D26A;71200-BY580;SW;72552-B1010;1;Active
133;SMALL1_L7;D26A;71200-BY580;SW;71812-BZ280;1;Active
134;SMALL1_L7;D26A;71200-BY580;SW;73230-BZC00;1;Active
135;SMALL1_L7;D26A;71200-BY580;SW;71910-BZJ70;1;Active
136;SMALL1_L7;D26A;71200-BY430;SY, SZ, TA;72991-BZ090;1;Active
137;SMALL1_L7;D26A;71200-BY430;SY, SZ, TA;72129-BZ110;2;Active
138;SMALL1_L7;D26A;71200-BY430;SY, SZ, TA;72552-B1010;1;Active
139;SMALL1_L7;D26A;71200-BY430;SY, SZ, TA;71812-BZ280;1;Active
140;SMALL1_L7;D26A;71200-BY430;SY, SZ, TA;73230-BZB90;1;Active
141;SMALL1_L7;D26A;71200-BY430;SY, SZ, TA;71910-BZJ70;1;Active
142;SMALL1_L6;D74A;71100-BY820;T9;71811-BZ380-C0;1;Active
143;SMALL1_L6;D74A;71100-BY820;T9;72993-BZ030;1;Active
144;SMALL1_L6;D74A;71100-BY820;T9;73230-BZE30;1;Active
145;SMALL1_L6;D74A;71100-BY820;T9;72129-BZ110;2;Active
146;SMALL1_L6;D74A;71100-BY820;T9;71876-B2060;1;Active
147;SMALL1_L6;D74A;71100-BY820;T9;72991-BZ340-C0;1;Active
148;SMALL1_L6;D74A;71100-BY820;T9;72525-BZ140-C0;1;Active
149;SMALL1_L6;D74A;71100-BY820;T9;72551-BZ070-C0;1;Active
150;SMALL1_L6;D74A;71100-BY820;T9;71147-BZ180;1;Active
151;SMALL1_L6;D74A;71100-BY830;7F, 7G, T6, T8;71811-BZ380-C0;1;Active
152;SMALL1_L6;D74A;71100-BY830;7F, 7G, T6, T8;72993-BZ030;1;Active
153;SMALL1_L6;D74A;71100-BY830;7F, 7G, T6, T8;73230-BZE30;1;Active
154;SMALL1_L6;D74A;71100-BY830;7F, 7G, T6, T8;72129-BZ110;2;Active
155;SMALL1_L6;D74A;71100-BY830;7F, 7G, T6, T8;71876-B2060;1;Active
156;SMALL1_L6;D74A;71100-BY830;7F, 7G, T6, T8;72991-BZ340-C0;1;Active
157;SMALL1_L6;D74A;71100-BY830;7F, 7G, T6, T8;72525-BZ140-C0;1;Active
158;SMALL1_L6;D74A;71100-BY830;7F, 7G, T6, T8;72551-BZ070-C0;1;Active
159;SMALL1_L6;D74A;71100-BY830;7F, 7G, T6, T8;71147-BZ180;1;Active
160;SMALL1_L6;D74A;71100-BY850;7A, 7C, 7E;71811-BZ380-C0;1;Active
161;SMALL1_L6;D74A;71100-BY850;7A, 7C, 7E;73230-BZE30;1;Active
162;SMALL1_L6;D74A;71100-BY850;7A, 7C, 7E;72991-BZ090;1;Active
163;SMALL1_L6;D74A;71100-BY850;7A, 7C, 7E;72129-BZ110;2;Active
164;SMALL1_L6;D74A;71100-BY850;7A, 7C, 7E;71876-B2060;1;Active
165;SMALL1_L6;D74A;71100-BY850;7A, 7C, 7E;72991-BZ340-C0;1;Active
166;SMALL1_L6;D74A;71100-BY850;7A, 7C, 7E;72525-BZ140-C0;1;Active
167;SMALL1_L6;D74A;71100-BY850;7A, 7C, 7E;72551-BZ070-C0;1;Active
168;SMALL1_L6;D74A;71100-BY850;7A, 7C, 7E;71930-B2030-C0;1;Active
169;SMALL1_L6;D74A;71100-BY850;7A, 7C, 7E;71931-B2030-C0;1;Active
170;SMALL1_L6;D74A;71100-BY850;7A, 7C, 7E;71147-BZ180;1;Active
171;SMALL1_L6;D74A;71100-BY850;7A, 7C, 7E;71910-BZF90;1;Active
172;SMALL1_L6;D74A;71100-BYE20;7B, 7D;71811-BZ380-C0;1;Active
173;SMALL1_L6;D74A;71100-BYE20;7B, 7D;73230-BZE30;1;Active
174;SMALL1_L6;D74A;71100-BYE20;7B, 7D;72991-BZ090;1;Active
175;SMALL1_L6;D74A;71100-BYE20;7B, 7D;72129-BZ110;2;Active
176;SMALL1_L6;D74A;71100-BYE20;7B, 7D;71876-B2060;1;Active
177;SMALL1_L6;D74A;71100-BYE20;7B, 7D;72991-BZ340-C0;1;Active
178;SMALL1_L6;D74A;71100-BYE20;7B, 7D;72525-BZ140-C0;1;Active
179;SMALL1_L6;D74A;71100-BYE20;7B, 7D;72551-BZ070-C0;1;Active
180;SMALL1_L6;D74A;71100-BYE20;7B, 7D;71930-B2030-C0;1;Active
181;SMALL1_L6;D74A;71100-BYE20;7B, 7D;71931-B2030-C0;1;Active
182;SMALL1_L6;D74A;71100-BYE20;7B, 7D;71147-BZ180;1;Active
183;SMALL1_L6;D74A;71100-BYE20;7B, 7D;71910-BZM00;1;Active
184;SMALL1_L6;D74A;71100-BY860;68, 69, T5, ZJ, ZK;72265-BZ050-C0;1;Active
185;SMALL1_L6;D74A;71100-BY860;68, 69, T5, ZJ, ZK;71811-BZ390-C0;1;Active
186;SMALL1_L6;D74A;71100-BY860;68, 69, T5, ZJ, ZK;71867-BZ010-C0;1;Active
187;SMALL1_L6;D74A;71100-BY860;68, 69, T5, ZJ, ZK;72462-BZ070-C0;1;Active
188;SMALL1_L6;D74A;71100-BY860;68, 69, T5, ZJ, ZK;72413-BZ110-C0;1;Active
189;SMALL1_L6;D74A;71100-BY860;68, 69, T5, ZJ, ZK;72991-BZ090;1;Active
190;SMALL1_L6;D74A;71100-BY860;68, 69, T5, ZJ, ZK;72129-BZ110;2;Active
191;SMALL1_L6;D74A;71100-BY860;68, 69, T5, ZJ, ZK;72413-BZ140-C0;1;Active
192;SMALL1_L6;D74A;71100-BY860;68, 69, T5, ZJ, ZK;73230-BZE50;1;Active
193;SMALL1_L6;D74A;71100-BY860;68, 69, T5, ZJ, ZK;71876-B2060;1;Active
194;SMALL1_L6;D74A;71100-BY860;68, 69, T5, ZJ, ZK;72991-BZ340-C0;1;Active
195;SMALL1_L6;D74A;71100-BY860;68, 69, T5, ZJ, ZK;72525-BZ140-C0;1;Active
196;SMALL1_L6;D74A;71100-BY860;68, 69, T5, ZJ, ZK;71930-B2030-C0;1;Active
197;SMALL1_L6;D74A;71100-BY860;68, 69, T5, ZJ, ZK;71931-B2030-C0;1;Active
198;SMALL1_L6;D74A;71100-BY860;68, 69, T5, ZJ, ZK;71147-BZ180;1;Active
199;SMALL1_L6;D74A;71100-BY860;68, 69, T5, ZJ, ZK;71910-BZF90;1;Active
200;SMALL1_L6;D74A;71100-BY880;WA, WB, WC, XK, ZC, ZE, ZF, ZG, ZH, 9F;71811-BZ380-C0;1;Active
201;SMALL1_L6;D74A;71100-BY880;WA, WB, WC, XK, ZC, ZE, ZF, ZG, ZH, 9F;72129-BZ110;2;Active
202;SMALL1_L6;D74A;71100-BY880;WA, WB, WC, XK, ZC, ZE, ZF, ZG, ZH, 9F;73230-BZE40;1;Active
203;SMALL1_L6;D74A;71100-BY880;WA, WB, WC, XK, ZC, ZE, ZF, ZG, ZH, 9F;71876-B2060;1;Active
204;SMALL1_L6;D74A;71100-BY880;WA, WB, WC, XK, ZC, ZE, ZF, ZG, ZH, 9F;72991-BZ340-C0;1;Active
205;SMALL1_L6;D74A;71100-BY880;WA, WB, WC, XK, ZC, ZE, ZF, ZG, ZH, 9F;72525-BZ140-C0;1;Active
206;SMALL1_L6;D74A;71100-BY880;WA, WB, WC, XK, ZC, ZE, ZF, ZG, ZH, 9F;72551-BZ070-C0;1;Active
207;SMALL1_L6;D74A;71100-BY880;WA, WB, WC, XK, ZC, ZE, ZF, ZG, ZH, 9F;71147-BZ180;1;Active
208;SMALL1_L6;D74A;71100-BY890;62, 65, 66, 5H, 5J, U2, VV, VX, VY, VZ, YD, YN, ZA, ZB, 9G;71811-BZ380-C0;1;Active
209;SMALL1_L6;D74A;71100-BY890;62, 65, 66, 5H, 5J, U2, VV, VX, VY, VZ, YD, YN, ZA, ZB, 9G;72129-BZ110;2;Active
210;SMALL1_L6;D74A;71100-BY890;62, 65, 66, 5H, 5J, U2, VV, VX, VY, VZ, YD, YN, ZA, ZB, 9G;73230-BZE40;1;Active
211;SMALL1_L6;D74A;71100-BY890;62, 65, 66, 5H, 5J, U2, VV, VX, VY, VZ, YD, YN, ZA, ZB, 9G;71876-B2060;1;Active
212;SMALL1_L6;D74A;71100-BY890;62, 65, 66, 5H, 5J, U2, VV, VX, VY, VZ, YD, YN, ZA, ZB, 9G;72991-BZ340-C0;1;Active
213;SMALL1_L6;D74A;71100-BY890;62, 65, 66, 5H, 5J, U2, VV, VX, VY, VZ, YD, YN, ZA, ZB, 9G;72525-BZ140-C0;1;Active
214;SMALL1_L6;D74A;71100-BY890;62, 65, 66, 5H, 5J, U2, VV, VX, VY, VZ, YD, YN, ZA, ZB, 9G;72551-BZ070-C0;1;Active
215;SMALL1_L6;D74A;71100-BY890;62, 65, 66, 5H, 5J, U2, VV, VX, VY, VZ, YD, YN, ZA, ZB, 9G;71930-B2030-C0;1;Active
216;SMALL1_L6;D74A;71100-BY890;62, 65, 66, 5H, 5J, U2, VV, VX, VY, VZ, YD, YN, ZA, ZB, 9G;71931-B2030-C0;1;Active
217;SMALL1_L6;D74A;71100-BY890;62, 65, 66, 5H, 5J, U2, VV, VX, VY, VZ, YD, YN, ZA, ZB, 9G;71147-BZ180;1;Active
218;SMALL1_L6;D74A;71100-BY890;62, 65, 66, 5H, 5J, U2, VV, VX, VY, VZ, YD, YN, ZA, ZB, 9G;71910-BZF90;1;Active
219;SMALL1_L6;D74A;71100-BY890;64, 67;71811-BZ380-C0;1;Active
220;SMALL1_L6;D74A;71100-BY890;64, 67;72129-BZ110;2;Active
221;SMALL1_L6;D74A;71100-BY890;64, 67;73230-BZE40;1;Active
222;SMALL1_L6;D74A;71100-BY890;64, 67;71876-B2060;1;Active
223;SMALL1_L6;D74A;71100-BY890;64, 67;72991-BZ340-C0;1;Active
224;SMALL1_L6;D74A;71100-BY890;64, 67;72525-BZ140-C0;1;Active
225;SMALL1_L6;D74A;71100-BY890;64, 67;72551-BZ070-C0;1;Active
226;SMALL1_L6;D74A;71100-BY890;64, 67;71930-B2030-C0;1;Active
227;SMALL1_L6;D74A;71100-BY890;64, 67;71931-B2030-C0;1;Active
228;SMALL1_L6;D74A;71100-BY890;64, 67;71147-BZ180;1;Active
229;SMALL1_L6;D74A;71100-BY890;64, 67;71910-BZF90;1;Active
230;SMALL1_L6;D74A;71100-BYD30;VW;71811-BZ380-C0;1;Active
231;SMALL1_L6;D74A;71100-BYD30;VW;72129-BZ110;2;Active
232;SMALL1_L6;D74A;71100-BYD30;VW;73230-BZE40;1;Active
233;SMALL1_L6;D74A;71100-BYD30;VW;71876-B2060;1;Active
234;SMALL1_L6;D74A;71100-BYD30;VW;72991-BZ340-C0;1;Active
235;SMALL1_L6;D74A;71100-BYD30;VW;72525-BZ140-C0;1;Active
236;SMALL1_L6;D74A;71100-BYD30;VW;72551-BZ070-C0;1;Active
237;SMALL1_L6;D74A;71100-BYD30;VW;71930-B2030-C0;1;Active
238;SMALL1_L6;D74A;71100-BYD30;VW;71931-B2030-C0;1;Active
239;SMALL1_L6;D74A;71100-BYD30;VW;71147-BZ180;1;Active
240;SMALL1_L6;D74A;71100-BYD30;VW;73910-BZ080;1;Active
241;SMALL1_L6;D74A;71100-BYD30;VW;71910-BZF90;1;Active
242;SMALL1_L6;D26A;71100-BY210-C4;RU, RV;72991-BZ090;1;Active
243;SMALL1_L6;D26A;71100-BY210-C4;RU, RV;72129-BZ110;2;Active
244;SMALL1_L6;D26A;71100-BY210-C4;RU, RV;71876-B2060;1;Active
245;SMALL1_L6;D26A;71100-BY210-C4;RU, RV;71811-BZ320;1;Active
246;SMALL1_L6;D26A;71100-BY210-C4;RU, RV;73230-BZB80;1;Active
247;SMALL1_L6;D26A;71100-BY210-C4;RU, RV;71910-BZG50;1;Active
248;SMALL1_L6;D26A;71100-BY210-C4;EC;72991-BZ090;1;Active
249;SMALL1_L6;D26A;71100-BY210-C4;EC;72129-BZ110;2;Active
250;SMALL1_L6;D26A;71100-BY210-C4;EC;71876-B2060;1;Active
251;SMALL1_L6;D26A;71100-BY210-C4;EC;71811-BZ320;1;Active
252;SMALL1_L6;D26A;71100-BY210-C4;EC;73230-BZB80;1;Active
253;SMALL1_L6;D26A;71100-BY210-C4;EC;71910-BZG50;1;Active
254;SMALL1_L6;D26A;71100-BY210-C4;SL, SR, SS;72991-BZ090;1;Active
255;SMALL1_L6;D26A;71100-BY210-C4;SL, SR, SS;72129-BZ110;2;Active
256;SMALL1_L6;D26A;71100-BY210-C4;SL, SR, SS;71876-B2060;1;Active
257;SMALL1_L6;D26A;71100-BY210-C4;SL, SR, SS;71811-BZ320;1;Active
258;SMALL1_L6;D26A;71100-BY210-C4;SL, SR, SS;73230-BZB80;1;Active
259;SMALL1_L6;D26A;71100-BY210-C4;SL, SR, SS;71910-BZG50;1;Active
260;SMALL1_L6;D26A;71100-BY200-C4;SQ, ST;72991-BZ090;1;Active
261;SMALL1_L6;D26A;71100-BY200-C4;SQ, ST;72129-BZ110;2;Active
262;SMALL1_L6;D26A;71100-BY200-C4;SQ, ST;71876-B2060;1;Active
263;SMALL1_L6;D26A;71100-BY200-C4;SQ, ST;71811-BZ320;1;Active
264;SMALL1_L6;D26A;71100-BY200-C4;SQ, ST;73230-BZB80;1;Active
265;SMALL1_L6;D26A;71100-BY200-C4;SQ, ST;71910-BZJ70;1;Active
266;SMALL1_L6;D26A;71100-BY360-C4;SV, SX;72991-BZ090;1;Active
267;SMALL1_L6;D26A;71100-BY360-C4;SV, SX;72129-BZ110;2;Active
268;SMALL1_L6;D26A;71100-BY360-C4;SV, SX;71876-B2060;1;Active
269;SMALL1_L6;D26A;71100-BY360-C4;SV, SX;72413-BZ070-C0;1;Active
270;SMALL1_L6;D26A;71100-BY360-C4;SV, SX;73230-BZB80;1;Active
271;SMALL1_L6;D26A;71100-BY360-C4;SV, SX;72266-B1020-C0;1;Active
272;SMALL1_L6;D26A;71100-BY360-C4;SV, SX;71867-B1010-C0;1;Active
273;SMALL1_L6;D26A;71100-BY360-C4;SV, SX;71811-BZ330;1;Active
274;SMALL1_L6;D26A;71100-BY360-C4;SV, SX;71910-BZJ70;1;Active
275;SMALL1_L6;D26A;71100-BYG70;96;72991-BZ090;1;Active
276;SMALL1_L6;D26A;71100-BYG70;96;72129-BZ110;2;Active
277;SMALL1_L6;D26A;71100-BYG70;96;71876-B2060;1;Active
278;SMALL1_L6;D26A;71100-BYG70;96;72413-BZ070-C0;1;Active
279;SMALL1_L6;D26A;71100-BYG70;96;73230-BZB80;1;Active
280;SMALL1_L6;D26A;71100-BYG70;96;72266-B1020-C0;1;Active
281;SMALL1_L6;D26A;71100-BYG70;96;71867-B1010-C0;1;Active
282;SMALL1_L6;D26A;71100-BYG70;96;71811-BZ330;1;Active
283;SMALL1_L6;D26A;71100-BYG70;96;71910-BZJ70;1;Active
284;SMALL1_L6;D26A;71100-BY330-C4;SW;72991-BZ090;1;Active
285;SMALL1_L6;D26A;71100-BY330-C4;SW;72129-BZ110;2;Active
286;SMALL1_L6;D26A;71100-BY330-C4;SW;71876-B2060;1;Active
287;SMALL1_L6;D26A;71100-BY330-C4;SW;72413-BZ070-C0;1;Active
288;SMALL1_L6;D26A;71100-BY330-C4;SW;73230-BZB80;1;Active
289;SMALL1_L6;D26A;71100-BY330-C4;SW;72266-B1020-C0;1;Active
290;SMALL1_L6;D26A;71100-BY330-C4;SW;71867-B1010-C0;1;Active
291;SMALL1_L6;D26A;71100-BY330-C4;SW;71811-BZ330;1;Active
292;SMALL1_L6;D26A;71100-BY330-C4;SW;71910-BZJ70;1;Active
293;SMALL1_L6;D26A;71100-BY180-C4;SY, SZ, TA;72991-BZ090;1;Active
294;SMALL1_L6;D26A;71100-BY180-C4;SY, SZ, TA;72129-BZ110;2;Active
295;SMALL1_L6;D26A;71100-BY180-C4;SY, SZ, TA;71876-B2060;1;Active
296;SMALL1_L6;D26A;71100-BY180-C4;SY, SZ, TA;72413-BZ070-C0;1;Active
297;SMALL1_L6;D26A;71100-BY180-C4;SY, SZ, TA;73230-BZB80;1;Active
298;SMALL1_L6;D26A;71100-BY180-C4;SY, SZ, TA;72266-B1020-C0;1;Active
299;SMALL1_L6;D26A;71100-BY180-C4;SY, SZ, TA;71867-B1010-C0;1;Active
300;SMALL1_L6;D26A;71100-BY180-C4;SY, SZ, TA;71811-BZ330;1;Active
301;SMALL1_L6;D26A;71100-BY180-C4;SY, SZ, TA;71910-BZJ70;1;Active
