id;child_part_no;child_part_name;problem
1;A011-87410;FRAME SEAT  RH;part tidak terpasang
2;A011-87410;FRAME SEAT  RH;noise
3;A011-87410;FRAME SEAT  RH;welding over
4;A011-87410;FRAME SEAT  RH;welding t/a
5;A011-87410;FRAME SEAT  RH;pecok
6;A011-87410;FRAME SEAT  RH;karat
7;A011-87410;FRAME SEAT  RH;reclening loss
8;A011-87410;FRAME SEAT  RH;folding lemah
9;A011-87410;FRAME SEAT  RH;gata-gata
10;A011-87410;FRAME SEAT  RH;bolt miring
11;A011-87410;FRAME SEAT  RH;bolt loss
12;A011-87410;FRAME SEAT  RH;under torque
13;A011-87410;FRAME SEAT  RH;others
14;A011-87407;FRAME SEAT LH;part tidak terpasang
15;A011-87407;FRAME SEAT LH;noise
16;A011-87407;FRAME SEAT LH;welding over
17;A011-87407;FRAME SEAT LH;welding t/a
18;A011-87407;FRAME SEAT LH;pecok
19;A011-87407;FRAME SEAT LH;karat
20;A011-87407;FRAME SEAT LH;reclening loss
21;A011-87407;FRAME SEAT LH;folding lemah
22;A011-87407;FRAME SEAT LH;gata-gata
23;A011-87407;FRAME SEAT LH;bolt miring
24;A011-87407;FRAME SEAT LH;bolt loss
25;A011-87407;FRAME SEAT LH;under torque
26;A011-87407;FRAME SEAT LH;others
27;B105-97228;Track Inner RH;part tidak terpasang
28;B105-97228;Track Inner RH;kotor
29;B105-97228;Track Inner RH;burry
30;B105-97228;Track Inner RH;karat
31;B105-97228;Track Inner RH;noise
32;B105-97228;Track Inner RH;bolt loss
33;B105-97228;Track Inner RH;bolt miring
34;B105-97228;Track Inner RH;nut loss
35;B105-97228;Track Inner RH;nut miring
36;B105-97228;Track Inner RH;under torque
37;B105-97228;Track Inner RH;unbalance
38;B105-97228;Track Inner RH;sliding keras
39;B105-97228;Track Inner RH;salah spec
40;B105-97228;Track Inner RH;peeled off
41;B105-97228;Track Inner RH;others
42;B108-97240;Track Outer RH;part tidak terpasang
43;B108-97240;Track Outer RH;kotor
44;B108-97240;Track Outer RH;burry
45;B108-97240;Track Outer RH;karat
46;B108-97240;Track Outer RH;noise
47;B108-97240;Track Outer RH;bolt loss
48;B108-97240;Track Outer RH;bolt miring
49;B108-97240;Track Outer RH;nut loss
50;B108-97240;Track Outer RH;nut miring
51;B108-97240;Track Outer RH;under torque
52;B108-97240;Track Outer RH;unbalance
53;B108-97240;Track Outer RH;sliding keras
54;B108-97240;Track Outer RH;salah spec
55;B108-97240;Track Outer RH;peeled off
56;B108-97240;Track Outer RH;others
57;B108-97239;Track Inner LH;part tidak terpasang
58;B108-97239;Track Inner LH;kotor
59;B108-97239;Track Inner LH;burry
60;B108-97239;Track Inner LH;karat
61;B108-97239;Track Inner LH;noise
62;B108-97239;Track Inner LH;bolt loss
63;B108-97239;Track Inner LH;bolt miring
64;B108-97239;Track Inner LH;nut loss
65;B108-97239;Track Inner LH;nut miring
66;B108-97239;Track Inner LH;under torque
67;B108-97239;Track Inner LH;unbalance
68;B108-97239;Track Inner LH;sliding keras
69;B108-97239;Track Inner LH;salah spec
70;B108-97239;Track Inner LH;peeled off
71;B108-97239;Track Inner LH;others
72;B109-97216;Track Outer LH;part tidak terpasang
73;B109-97216;Track Outer LH;kotor
74;B109-97216;Track Outer LH;burry
75;B109-97216;Track Outer LH;karat
76;B109-97216;Track Outer LH;noise
77;B109-97216;Track Outer LH;bolt loss
78;B109-97216;Track Outer LH;bolt miring
79;B109-97216;Track Outer LH;nut loss
80;B109-97216;Track Outer LH;nut miring
81;B109-97216;Track Outer LH;under torque
82;B109-97216;Track Outer LH;unbalance
83;B109-97216;Track Outer LH;sliding keras
84;B109-97216;Track Outer LH;salah spec
85;B109-97216;Track Outer LH;peeled off
86;B109-97216;Track Outer LH;others
87;A011-87411;CASSAGE FR RH;part tidak terpasang
88;A011-87411;CASSAGE FR RH;bolt /nut tidak terpasang
89;A011-87411;CASSAGE FR RH;burry
90;A011-87411;CASSAGE FR RH;kotor
91;A011-87411;CASSAGE FR RH;karat
92;A011-87411;CASSAGE FR RH;salah spec
93;A011-87411;CASSAGE FR RH;under torque
94;A011-87411;CASSAGE FR RH;others
95;A012-87404;CASSAGE FR LH;part tidak terpasang
96;A012-87404;CASSAGE FR LH;bolt /nut tidak terpasang
97;A012-87404;CASSAGE FR LH;burry
98;A012-87404;CASSAGE FR LH;kotor
99;A012-87404;CASSAGE FR LH;karat
100;A012-87404;CASSAGE FR LH;salah spec
101;A012-87404;CASSAGE FR LH;under torque
102;A012-87404;CASSAGE FR LH;others
103;71505-BZ420;PAD FOAM BACK FR RH;sobek
104;71505-BZ420;PAD FOAM BACK FR RH;short mold
105;71505-BZ420;PAD FOAM BACK FR RH;terlipat
106;71505-BZ420;PAD FOAM BACK FR RH;pecok
107;71505-BZ420;PAD FOAM BACK FR RH;keropos
108;71505-BZ420;PAD FOAM BACK FR RH;kotor
109;71505-BZ420;PAD FOAM BACK FR RH;bolong
110;71505-BZ420;PAD FOAM BACK FR RH;burry
111;71505-BZ420;PAD FOAM BACK FR RH;parting line
112;71505-BZ420;PAD FOAM BACK FR RH;wire pad tidak ada
113;71505-BZ420;PAD FOAM BACK FR RH;wire pad miring
114;71505-BZ420;PAD FOAM BACK FR RH;salah spec
115;71505-BZ420;PAD FOAM BACK FR RH;others
116;71506-BZ300;PAD FOAM BACK FR LH;sobek
117;71506-BZ300;PAD FOAM BACK FR LH;short mold
118;71506-BZ300;PAD FOAM BACK FR LH;terlipat
119;71506-BZ300;PAD FOAM BACK FR LH;pecok
120;71506-BZ300;PAD FOAM BACK FR LH;keropos
121;71506-BZ300;PAD FOAM BACK FR LH;kotor
122;71506-BZ300;PAD FOAM BACK FR LH;bolong
123;71506-BZ300;PAD FOAM BACK FR LH;burry
124;71506-BZ300;PAD FOAM BACK FR LH;parting line
125;71506-BZ300;PAD FOAM BACK FR LH;wire pad tidak ada
126;71506-BZ300;PAD FOAM BACK FR LH;wire pad miring
127;71506-BZ300;PAD FOAM BACK FR LH;salah spec
128;71506-BZ300;PAD FOAM BACK FR LH;others
129;71501-BZ350;PAD FOAM FR CUSHION RH;sobek
130;71501-BZ350;PAD FOAM FR CUSHION RH;short mold
131;71501-BZ350;PAD FOAM FR CUSHION RH;terlipat
132;71501-BZ350;PAD FOAM FR CUSHION RH;pecok
133;71501-BZ350;PAD FOAM FR CUSHION RH;keropos
134;71501-BZ350;PAD FOAM FR CUSHION RH;kotor
135;71501-BZ350;PAD FOAM FR CUSHION RH;bolong
136;71501-BZ350;PAD FOAM FR CUSHION RH;burry
137;71501-BZ350;PAD FOAM FR CUSHION RH;parting line
138;71501-BZ350;PAD FOAM FR CUSHION RH;wire pad tidak ada
139;71501-BZ350;PAD FOAM FR CUSHION RH;wire pad miring
140;71501-BZ350;PAD FOAM FR CUSHION RH;salah spec
141;71501-BZ350;PAD FOAM FR CUSHION RH;others
142;71502-BZ330;PAD FOAM FR CUSHION LH;sobek
143;71502-BZ330;PAD FOAM FR CUSHION LH;short mold
144;71502-BZ330;PAD FOAM FR CUSHION LH;terlipat
145;71502-BZ330;PAD FOAM FR CUSHION LH;pecok
146;71502-BZ330;PAD FOAM FR CUSHION LH;keropos
147;71502-BZ330;PAD FOAM FR CUSHION LH;kotor
148;71502-BZ330;PAD FOAM FR CUSHION LH;bolong
149;71502-BZ330;PAD FOAM FR CUSHION LH;burry
150;71502-BZ330;PAD FOAM FR CUSHION LH;parting line
151;71502-BZ330;PAD FOAM FR CUSHION LH;wire pad tidak ada
152;71502-BZ330;PAD FOAM FR CUSHION LH;wire pad miring
153;71502-BZ330;PAD FOAM FR CUSHION LH;salah spec
154;71502-BZ330;PAD FOAM FR CUSHION LH;others
155;72810-BZ120;ARMREST FR RH;cover tidak terjahit
156;72810-BZ120;ARMREST FR RH;cover terjepit
157;72810-BZ120;ARMREST FR RH;hole cover terlihat
158;72810-BZ120;ARMREST FR RH;jahitan lepas
159;72810-BZ120;ARMREST FR RH;jahitan miring
160;72810-BZ120;ARMREST FR RH;jahitan kendur
161;72810-BZ120;ARMREST FR RH;benang over
162;72810-BZ120;ARMREST FR RH;cover kotor
163;72810-BZ120;ARMREST FR RH;short mold
164;72810-BZ120;ARMREST FR RH;dupplate
165;72810-BZ120;ARMREST FR RH;scratch
166;72810-BZ120;ARMREST FR RH;floating
167;72810-BZ120;ARMREST FR RH;motif cover rusak
168;72810-BZ120;ARMREST FR RH;beda warna
169;72810-BZ120;ARMREST FR RH;sobek
170;72810-BZ120;ARMREST FR RH;pecok
171;72810-BZ120;ARMREST FR RH;keropos
172;72810-BZ120;ARMREST FR RH;kotor
173;72810-BZ120;ARMREST FR RH;bolong
174;72810-BZ120;ARMREST FR RH;burry
175;72810-BZ120;ARMREST FR RH;parting line
176;72810-BZ120;ARMREST FR RH;sliding keras
177;72810-BZ120;ARMREST FR RH;others
178;71073-BZP20;SEAT ASSY COVER BACK FR RH POCKET;cover tidak terjahit
179;71073-BZP20;SEAT ASSY COVER BACK FR RH POCKET;cover terjepit
180;71073-BZP20;SEAT ASSY COVER BACK FR RH POCKET;hole cover terlihat
181;71073-BZP20;SEAT ASSY COVER BACK FR RH POCKET;jahitan lepas
182;71073-BZP20;SEAT ASSY COVER BACK FR RH POCKET;jahitan miring
183;71073-BZP20;SEAT ASSY COVER BACK FR RH POCKET;jahitan kendur
184;71073-BZP20;SEAT ASSY COVER BACK FR RH POCKET;benang over
185;71073-BZP20;SEAT ASSY COVER BACK FR RH POCKET;cover kotor
186;71073-BZP20;SEAT ASSY COVER BACK FR RH POCKET;short mold
187;71073-BZP20;SEAT ASSY COVER BACK FR RH POCKET;dupplate
188;71073-BZP20;SEAT ASSY COVER BACK FR RH POCKET;scratch
189;71073-BZP20;SEAT ASSY COVER BACK FR RH POCKET;floating
190;71073-BZP20;SEAT ASSY COVER BACK FR RH POCKET;motif cover rusak
191;71073-BZP20;SEAT ASSY COVER BACK FR RH POCKET;beda warna
192;71073-BZP20;SEAT ASSY COVER BACK FR RH POCKET;sobek
193;71073-BZP20;SEAT ASSY COVER BACK FR RH POCKET;kontak pattern
194;71073-BZP20;SEAT ASSY COVER BACK FR RH POCKET;hook pocket terbalik
195;71073-BZP20;SEAT ASSY COVER BACK FR RH POCKET;cover bolong
196;71073-BZP20;SEAT ASSY COVER BACK FR RH POCKET;c-ring tidak ada
197;71073-BZP20;SEAT ASSY COVER BACK FR RH POCKET;c-ring kedalaman
198;71073-BZP20;SEAT ASSY COVER BACK FR RH POCKET;others
199;71073-BZK40;SEAT ASSY COVER BACK FR RH NO POCKET;cover tidak terjahit
200;71073-BZK40;SEAT ASSY COVER BACK FR RH NO POCKET;cover terjepit
201;71073-BZK40;SEAT ASSY COVER BACK FR RH NO POCKET;hole cover terlihat
202;71073-BZK40;SEAT ASSY COVER BACK FR RH NO POCKET;jahitan lepas
203;71073-BZK40;SEAT ASSY COVER BACK FR RH NO POCKET;jahitan miring
204;71073-BZK40;SEAT ASSY COVER BACK FR RH NO POCKET;jahitan kendur
205;71073-BZK40;SEAT ASSY COVER BACK FR RH NO POCKET;benang over
206;71073-BZK40;SEAT ASSY COVER BACK FR RH NO POCKET;cover kotor
207;71073-BZK40;SEAT ASSY COVER BACK FR RH NO POCKET;short mold
208;71073-BZK40;SEAT ASSY COVER BACK FR RH NO POCKET;dupplate
209;71073-BZK40;SEAT ASSY COVER BACK FR RH NO POCKET;scratch
210;71073-BZK40;SEAT ASSY COVER BACK FR RH NO POCKET;floating
211;71073-BZK40;SEAT ASSY COVER BACK FR RH NO POCKET;motif cover rusak
212;71073-BZK40;SEAT ASSY COVER BACK FR RH NO POCKET;beda warna
213;71073-BZK40;SEAT ASSY COVER BACK FR RH NO POCKET;sobek
214;71073-BZK40;SEAT ASSY COVER BACK FR RH NO POCKET;kontak pattern
215;71073-BZK40;SEAT ASSY COVER BACK FR RH NO POCKET;hook pocket terbalik
216;71073-BZK40;SEAT ASSY COVER BACK FR RH NO POCKET;cover bolong
217;71073-BZK40;SEAT ASSY COVER BACK FR RH NO POCKET;c-ring tidak ada
218;71073-BZK40;SEAT ASSY COVER BACK FR RH NO POCKET;c-ring kedalaman
219;71073-BZK40;SEAT ASSY COVER BACK FR RH NO POCKET;others
220;71074-BZE80;SEAT ASSY COVER BACK FR LH;cover tidak terjahit
221;71074-BZE80;SEAT ASSY COVER BACK FR LH;cover terjepit
222;71074-BZE80;SEAT ASSY COVER BACK FR LH;hole cover terlihat
223;71074-BZE80;SEAT ASSY COVER BACK FR LH;jahitan lepas
224;71074-BZE80;SEAT ASSY COVER BACK FR LH;jahitan miring
225;71074-BZE80;SEAT ASSY COVER BACK FR LH;jahitan kendur
226;71074-BZE80;SEAT ASSY COVER BACK FR LH;benang over
227;71074-BZE80;SEAT ASSY COVER BACK FR LH;cover kotor
228;71074-BZE80;SEAT ASSY COVER BACK FR LH;short mold
229;71074-BZE80;SEAT ASSY COVER BACK FR LH;dupplate
230;71074-BZE80;SEAT ASSY COVER BACK FR LH;scratch
231;71074-BZE80;SEAT ASSY COVER BACK FR LH;floating
232;71074-BZE80;SEAT ASSY COVER BACK FR LH;motif cover rusak
233;71074-BZE80;SEAT ASSY COVER BACK FR LH;beda warna
234;71074-BZE80;SEAT ASSY COVER BACK FR LH;sobek
235;71074-BZE80;SEAT ASSY COVER BACK FR LH;kontak pattern
236;71074-BZE80;SEAT ASSY COVER BACK FR LH;hook pocket terbalik
237;71074-BZE80;SEAT ASSY COVER BACK FR LH;cover bolong
238;71074-BZE80;SEAT ASSY COVER BACK FR LH;c-ring tidak ada
239;71074-BZE80;SEAT ASSY COVER BACK FR LH;c-ring kedalaman
240;71074-BZE80;SEAT ASSY COVER BACK FR LH;others
241;71071-BZJ40;SEAT ASSY COVER CUSHION FR RH;cover tidak terjahit
242;71071-BZJ40;SEAT ASSY COVER CUSHION FR RH;cover terjepit
243;71071-BZJ40;SEAT ASSY COVER CUSHION FR RH;hole cover terlihat
244;71071-BZJ40;SEAT ASSY COVER CUSHION FR RH;jahitan lepas
245;71071-BZJ40;SEAT ASSY COVER CUSHION FR RH;jahitan miring
246;71071-BZJ40;SEAT ASSY COVER CUSHION FR RH;jahitan kendur
247;71071-BZJ40;SEAT ASSY COVER CUSHION FR RH;benang over
248;71071-BZJ40;SEAT ASSY COVER CUSHION FR RH;cover kotor
249;71071-BZJ40;SEAT ASSY COVER CUSHION FR RH;short mold
250;71071-BZJ40;SEAT ASSY COVER CUSHION FR RH;dupplate
251;71071-BZJ40;SEAT ASSY COVER CUSHION FR RH;scratch
252;71071-BZJ40;SEAT ASSY COVER CUSHION FR RH;floating
253;71071-BZJ40;SEAT ASSY COVER CUSHION FR RH;motif cover rusak
254;71071-BZJ40;SEAT ASSY COVER CUSHION FR RH;beda warna
255;71071-BZJ40;SEAT ASSY COVER CUSHION FR RH;sobek
256;71071-BZJ40;SEAT ASSY COVER CUSHION FR RH;kontak pattern
257;71071-BZJ40;SEAT ASSY COVER CUSHION FR RH;cover bolong
258;71071-BZJ40;SEAT ASSY COVER CUSHION FR RH;c-ring tidak ada
259;71071-BZJ40;SEAT ASSY COVER CUSHION FR RH;c-ring kedalaman
260;71071-BZJ40;SEAT ASSY COVER CUSHION FR RH;others
261;71072-BZJ50;SEAT ASSY COVER CUSHION FR LH;cover tidak terjahit
262;71072-BZJ50;SEAT ASSY COVER CUSHION FR LH;cover terjepit
263;71072-BZJ50;SEAT ASSY COVER CUSHION FR LH;hole cover terlihat
264;71072-BZJ50;SEAT ASSY COVER CUSHION FR LH;jahitan lepas
265;71072-BZJ50;SEAT ASSY COVER CUSHION FR LH;jahitan miring
266;71072-BZJ50;SEAT ASSY COVER CUSHION FR LH;jahitan kendur
267;71072-BZJ50;SEAT ASSY COVER CUSHION FR LH;benang over
268;71072-BZJ50;SEAT ASSY COVER CUSHION FR LH;cover kotor
269;71072-BZJ50;SEAT ASSY COVER CUSHION FR LH;short mold
270;71072-BZJ50;SEAT ASSY COVER CUSHION FR LH;dupplate
271;71072-BZJ50;SEAT ASSY COVER CUSHION FR LH;scratch
272;71072-BZJ50;SEAT ASSY COVER CUSHION FR LH;floating
273;71072-BZJ50;SEAT ASSY COVER CUSHION FR LH;motif cover rusak
274;71072-BZJ50;SEAT ASSY COVER CUSHION FR LH;beda warna
275;71072-BZJ50;SEAT ASSY COVER CUSHION FR LH;sobek
276;71072-BZJ50;SEAT ASSY COVER CUSHION FR LH;kontak pattern
277;71072-BZJ50;SEAT ASSY COVER CUSHION FR LH;cover bolong
278;71072-BZJ50;SEAT ASSY COVER CUSHION FR LH;c-ring tidak ada
279;71072-BZJ50;SEAT ASSY COVER CUSHION FR LH;c-ring kedalaman
280;71072-BZJ50;SEAT ASSY COVER CUSHION FR LH;others
281;A111-87407;REINFORCEMENT RH/LH;part tidak terpasang
282;A111-87407;REINFORCEMENT RH/LH;kotor
283;A111-87407;REINFORCEMENT RH/LH;nut tidak terpasang
284;A111-87407;REINFORCEMENT RH/LH;nut miring
285;A111-87407;REINFORCEMENT RH/LH;under torque
286;A111-87407;REINFORCEMENT RH/LH;burry
287;A111-87407;REINFORCEMENT RH/LH;karat
288;A111-87407;REINFORCEMENT RH/LH;others
289;72525-BZ110;HANDLE RECLINING RH;part tidak terpasang
290;72525-BZ110;HANDLE RECLINING RH;kotor
291;72525-BZ110;HANDLE RECLINING RH;short mold
292;72525-BZ110;HANDLE RECLINING RH;whitening
293;72525-BZ110;HANDLE RECLINING RH;scratch
294;72525-BZ110;HANDLE RECLINING RH;snap ring t/a
295;72525-BZ110;HANDLE RECLINING RH;unfix
296;72525-BZ110;HANDLE RECLINING RH;others
297;72526-BZ100;HANDLE RECLINING LH;part tidak terpasang
298;72526-BZ100;HANDLE RECLINING LH;kotor
299;72526-BZ100;HANDLE RECLINING LH;short mold
300;72526-BZ100;HANDLE RECLINING LH;whitening
301;72526-BZ100;HANDLE RECLINING LH;scratch
302;72526-BZ100;HANDLE RECLINING LH;snap ring t/a
303;72526-BZ100;HANDLE RECLINING LH;unfix
304;72526-BZ100;HANDLE RECLINING LH;others
305;72211-BZ120;HANDLE TRACK RH/LH;part tidak terpasang
306;72211-BZ120;HANDLE TRACK RH/LH;kotor
307;72211-BZ120;HANDLE TRACK RH/LH;scratch
308;72211-BZ120;HANDLE TRACK RH/LH;unfix
309;72211-BZ120;HANDLE TRACK RH/LH;noise
310;72211-BZ120;HANDLE TRACK RH/LH;salah spec
311;72211-BZ120;HANDLE TRACK RH/LH;peeled off
312;72211-BZ120;HANDLE TRACK RH/LH;others
313;73507-BZ010;UNDER TRAY;part tidak terpasang
314;73507-BZ010;UNDER TRAY;screw tidak terpasang
315;73507-BZ010;UNDER TRAY;screw kendur
316;73507-BZ010;UNDER TRAY;unfix
317;73507-BZ010;UNDER TRAY;peeled off
318;73507-BZ010;UNDER TRAY;others
319;73230-BZ790;SEAT BELT RH/LH COUMONT;part tidak terpasang
320;73230-BZ790;SEAT BELT RH/LH COUMONT;buckle not function
321;73230-BZ790;SEAT BELT RH/LH COUMONT;kotor
322;73230-BZ790;SEAT BELT RH/LH COUMONT;noise
323;73230-BZ790;SEAT BELT RH/LH COUMONT;short mold
324;73230-BZ790;SEAT BELT RH/LH COUMONT;scratch
325;73230-BZ790;SEAT BELT RH/LH COUMONT;unfix
326;73230-BZ790;SEAT BELT RH/LH COUMONT;salah spec
327;73230-BZ790;SEAT BELT RH/LH COUMONT;bolt miring
328;73230-BZ790;SEAT BELT RH/LH COUMONT;others
329;73230-BZ520;SEAT BELT WARNING RH;part tidak terpasang
330;73230-BZ520;SEAT BELT WARNING RH;buckle not function
331;73230-BZ520;SEAT BELT WARNING RH;kotor
332;73230-BZ520;SEAT BELT WARNING RH;noise
333;73230-BZ520;SEAT BELT WARNING RH;short mold
334;73230-BZ520;SEAT BELT WARNING RH;scratch
335;73230-BZ520;SEAT BELT WARNING RH;unfix
336;73230-BZ520;SEAT BELT WARNING RH;salah routing
337;73230-BZ520;SEAT BELT WARNING RH;salah spec
338;73230-BZ520;SEAT BELT WARNING RH;bolt miring
339;73230-BZ520;SEAT BELT WARNING RH;others
340;71812-BZ200;Cover shield LH;part tidak terpasang
341;71812-BZ200;Cover shield LH;kotor
342;71812-BZ200;Cover shield LH;short mold
343;71812-BZ200;Cover shield LH;whitening
344;71812-BZ200;Cover shield LH;scratch
345;71812-BZ200;Cover shield LH;unfix
346;71812-BZ200;Cover shield LH;others
347;71812-BZ240;Cover shield RH;part tidak terpasang
348;71812-BZ240;Cover shield RH;kotor
349;71812-BZ240;Cover shield RH;short mold
350;71812-BZ240;Cover shield RH;whitening
351;71812-BZ240;Cover shield RH;scratch
352;71812-BZ240;Cover shield RH;unfix
353;71812-BZ240;Cover shield RH;others
354;71831-BZ040;COVER HINGE RH;part tidak terpasang
355;71831-BZ040;COVER HINGE RH;kotor
356;71831-BZ040;COVER HINGE RH;short mold
357;71831-BZ040;COVER HINGE RH;whitening
358;71831-BZ040;COVER HINGE RH;scratch
359;71831-BZ040;COVER HINGE RH;unfix
360;71831-BZ040;COVER HINGE RH;others
361;71832-BZ090;COVER HINGE LH;part tidak terpasang
362;71832-BZ090;COVER HINGE LH;kotor
363;71832-BZ090;COVER HINGE LH;short mold
364;71832-BZ090;COVER HINGE LH;whitening
365;71832-BZ090;COVER HINGE LH;scratch
366;71832-BZ090;COVER HINGE LH;unfix
367;71832-BZ090;COVER HINGE LH;others
368;S510-00008;SPRING SPIRAL RH/LH;part tidak terpasang
369;S510-00008;SPRING SPIRAL RH/LH;kotor
370;S510-00008;SPRING SPIRAL RH/LH;burry
371;S510-00008;SPRING SPIRAL RH/LH;karat
372;S510-00008;SPRING SPIRAL RH/LH;salah spec
373;S510-00008;SPRING SPIRAL RH/LH;others
374;71537-BZ030;PROTECTOR LOWER;part tidak terpasang
375;71537-BZ030;PROTECTOR LOWER;kotor
376;71537-BZ030;PROTECTOR LOWER;short mold
377;71537-BZ030;PROTECTOR LOWER;burry
378;71537-BZ030;PROTECTOR LOWER;patah
379;71537-BZ030;PROTECTOR LOWER;others
380;72137-BZ040;PROTECTOR UPPER;part tidak terpasang
381;72137-BZ040;PROTECTOR UPPER;kotor
382;72137-BZ040;PROTECTOR UPPER;short mold
383;72137-BZ040;PROTECTOR UPPER;burry
384;72137-BZ040;PROTECTOR UPPER;patah
385;72137-BZ040;PROTECTOR UPPER;others
386;71650-BZ080;FRAME CUSHION RH;part tidak terpasang
387;71650-BZ080;FRAME CUSHION RH;bushing tidak terpasang
388;71650-BZ080;FRAME CUSHION RH;spring one touch
389;71650-BZ080;FRAME CUSHION RH;noise
390;71650-BZ080;FRAME CUSHION RH;welding over
391;71650-BZ080;FRAME CUSHION RH;welding t/a
392;71650-BZ080;FRAME CUSHION RH;pecok
393;71650-BZ080;FRAME CUSHION RH;karat
394;71650-BZ080;FRAME CUSHION RH;bolt miring
395;71650-BZ080;FRAME CUSHION RH;bolt loss
396;71650-BZ080;FRAME CUSHION RH;under torque
397;71650-BZ080;FRAME CUSHION RH;others
398;71660-BZ080;FRAME CUSHION LH;part tidak terpasang
399;71660-BZ080;FRAME CUSHION LH;bushing tidak terpasang
400;71660-BZ080;FRAME CUSHION LH;spring one touch
401;71660-BZ080;FRAME CUSHION LH;noise
402;71660-BZ080;FRAME CUSHION LH;welding over
403;71660-BZ080;FRAME CUSHION LH;welding t/a
404;71660-BZ080;FRAME CUSHION LH;pecok
405;71660-BZ080;FRAME CUSHION LH;karat
406;71660-BZ080;FRAME CUSHION LH;bolt miring
407;71660-BZ080;FRAME CUSHION LH;bolt loss
408;71660-BZ080;FRAME CUSHION LH;under torque
409;71660-BZ080;FRAME CUSHION LH;others
410;71017-BZ300;FRAME BACK RH;part tidak terpasang
411;71017-BZ300;FRAME BACK RH;noise
412;71017-BZ300;FRAME BACK RH;welding over
413;71017-BZ300;FRAME BACK RH;welding t/a
414;71017-BZ300;FRAME BACK RH;pecok
415;71017-BZ300;FRAME BACK RH;karat
416;71017-BZ300;FRAME BACK RH;reclening loss
417;71017-BZ300;FRAME BACK RH;folding lemah
418;71017-BZ300;FRAME BACK RH;gata-gata
419;71017-BZ300;FRAME BACK RH;bolt miring
420;71017-BZ300;FRAME BACK RH;bolt loss
421;71017-BZ300;FRAME BACK RH;under torque
422;71017-BZ300;FRAME BACK RH;others
423;71018-BZ250;FRAME BACK LH;part tidak terpasang
424;71018-BZ250;FRAME BACK LH;noise
425;71018-BZ250;FRAME BACK LH;welding over
426;71018-BZ250;FRAME BACK LH;welding t/a
427;71018-BZ250;FRAME BACK LH;pecok
428;71018-BZ250;FRAME BACK LH;karat
429;71018-BZ250;FRAME BACK LH;reclening loss
430;71018-BZ250;FRAME BACK LH;folding lemah
431;71018-BZ250;FRAME BACK LH;gata-gata
432;71018-BZ250;FRAME BACK LH;bolt miring
433;71018-BZ250;FRAME BACK LH;bolt loss
434;71018-BZ250;FRAME BACK LH;under torque
435;71018-BZ250;FRAME BACK LH;others
436;72670-BZ130;LOCK;others
437;71309-BZ150;LEG RR SEAT CUSHION LH;part tidak terpasang
438;71309-BZ150;LEG RR SEAT CUSHION LH;kotor
439;71309-BZ150;LEG RR SEAT CUSHION LH;burry
440;71309-BZ150;LEG RR SEAT CUSHION LH;karat
441;71309-BZ150;LEG RR SEAT CUSHION LH;noise
442;71309-BZ150;LEG RR SEAT CUSHION LH;bolt loss
443;71309-BZ150;LEG RR SEAT CUSHION LH;bolt miring
444;71309-BZ150;LEG RR SEAT CUSHION LH;under torque
445;71309-BZ150;LEG RR SEAT CUSHION LH;nut loss
446;71309-BZ150;LEG RR SEAT CUSHION LH;salah spec
447;71309-BZ150;LEG RR SEAT CUSHION LH;pin leg terbalik
448;71309-BZ150;LEG RR SEAT CUSHION LH;pin stopper terbalik
449;71309-BZ150;LEG RR SEAT CUSHION LH;peeled off
450;71309-BZ150;LEG RR SEAT CUSHION LH;painting rusak
451;71308-BZ140;LEG RR SEAT CUSHION RH;others
452;71308-BZ140;LEG RR SEAT CUSHION RH;kotor
453;71308-BZ140;LEG RR SEAT CUSHION RH;burry
454;71308-BZ140;LEG RR SEAT CUSHION RH;karat
455;71308-BZ140;LEG RR SEAT CUSHION RH;noise
456;71308-BZ140;LEG RR SEAT CUSHION RH;bolt loss
457;71308-BZ140;LEG RR SEAT CUSHION RH;bolt miring
458;71308-BZ140;LEG RR SEAT CUSHION RH;under torque
459;71308-BZ140;LEG RR SEAT CUSHION RH;nut loss
460;71308-BZ140;LEG RR SEAT CUSHION RH;salah spec
461;71308-BZ140;LEG RR SEAT CUSHION RH;pin leg terbalik
462;71308-BZ140;LEG RR SEAT CUSHION RH;pin stopper terbalik
463;71308-BZ140;LEG RR SEAT CUSHION RH;peeled off
464;71308-BZ140;LEG RR SEAT CUSHION RH;painting rusak
465;72160-BZ080;TRACK ASSY OUTER;part tidak terpasang
466;72160-BZ080;TRACK ASSY OUTER;kotor
467;72160-BZ080;TRACK ASSY OUTER;burry
468;72160-BZ080;TRACK ASSY OUTER;karat
469;72160-BZ080;TRACK ASSY OUTER;noise
470;72160-BZ080;TRACK ASSY OUTER;bolt loss
471;72160-BZ080;TRACK ASSY OUTER;bolt miring
472;72160-BZ080;TRACK ASSY OUTER;nut loss
473;72160-BZ080;TRACK ASSY OUTER;under torque
474;72160-BZ080;TRACK ASSY OUTER;unbalance
475;72160-BZ080;TRACK ASSY OUTER;sliding keras
476;72160-BZ080;TRACK ASSY OUTER;salah spec
477;72160-BZ080;TRACK ASSY OUTER;peeled off
478;72160-BZ080;TRACK ASSY OUTER;others
479;72170-BZ070;TRACK ASSY INNER;part tidak terpasang
480;72170-BZ070;TRACK ASSY INNER;kotor
481;72170-BZ070;TRACK ASSY INNER;burry
482;72170-BZ070;TRACK ASSY INNER;karat
483;72170-BZ070;TRACK ASSY INNER;noise
484;72170-BZ070;TRACK ASSY INNER;bolt loss
485;72170-BZ070;TRACK ASSY INNER;bolt miring
486;72170-BZ070;TRACK ASSY INNER;nut loss
487;72170-BZ070;TRACK ASSY INNER;under torque
488;72170-BZ070;TRACK ASSY INNER;unbalance
489;72170-BZ070;TRACK ASSY INNER;sliding keras
490;72170-BZ070;TRACK ASSY INNER;salah spec
491;72170-BZ070;TRACK ASSY INNER;peeled off
492;72170-BZ070;TRACK ASSY INNER;others
493;71507-BZ380;PAD FOAM BACK RH;sobek
494;71507-BZ380;PAD FOAM BACK RH;short mold
495;71507-BZ380;PAD FOAM BACK RH;terlipat
496;71507-BZ380;PAD FOAM BACK RH;pecok
497;71507-BZ380;PAD FOAM BACK RH;keropos
498;71507-BZ380;PAD FOAM BACK RH;kotor
499;71507-BZ380;PAD FOAM BACK RH;bolong
500;71507-BZ380;PAD FOAM BACK RH;burry
501;71507-BZ380;PAD FOAM BACK RH;parting line
502;71507-BZ380;PAD FOAM BACK RH;wire pad tidak ada
503;71507-BZ380;PAD FOAM BACK RH;wire pad miring
504;71507-BZ380;PAD FOAM BACK RH;salah spec
505;71507-BZ380;PAD FOAM BACK RH;others
506;71508-BZ290;PAD FOAM BACK LH;sobek
507;71508-BZ290;PAD FOAM BACK LH;short mold
508;71508-BZ290;PAD FOAM BACK LH;terlipat
509;71508-BZ290;PAD FOAM BACK LH;pecok
510;71508-BZ290;PAD FOAM BACK LH;keropos
511;71508-BZ290;PAD FOAM BACK LH;kotor
512;71508-BZ290;PAD FOAM BACK LH;bolong
513;71508-BZ290;PAD FOAM BACK LH;burry
514;71508-BZ290;PAD FOAM BACK LH;parting line
515;71508-BZ290;PAD FOAM BACK LH;wire pad tidak ada
516;71508-BZ290;PAD FOAM BACK LH;wire pad miring
517;71508-BZ290;PAD FOAM BACK LH;salah spec
518;71508-BZ290;PAD FOAM BACK LH;others
519;71503-BZ470;PAD FOAM CUSHION RH;sobek
520;71503-BZ470;PAD FOAM CUSHION RH;short mold
521;71503-BZ470;PAD FOAM CUSHION RH;terlipat
522;71503-BZ470;PAD FOAM CUSHION RH;pecok
523;71503-BZ470;PAD FOAM CUSHION RH;keropos
524;71503-BZ470;PAD FOAM CUSHION RH;kotor
525;71503-BZ470;PAD FOAM CUSHION RH;bolong
526;71503-BZ470;PAD FOAM CUSHION RH;burry
527;71503-BZ470;PAD FOAM CUSHION RH;parting line
528;71503-BZ470;PAD FOAM CUSHION RH;wire pad tidak ada
529;71503-BZ470;PAD FOAM CUSHION RH;wire pad miring
530;71503-BZ470;PAD FOAM CUSHION RH;salah spec
531;71503-BZ470;PAD FOAM CUSHION RH;others
532;71504-BZ349;PAD FOAM CUSHION LH;sobek
533;71504-BZ349;PAD FOAM CUSHION LH;short mold
534;71504-BZ349;PAD FOAM CUSHION LH;terlipat
535;71504-BZ349;PAD FOAM CUSHION LH;pecok
536;71504-BZ349;PAD FOAM CUSHION LH;keropos
537;71504-BZ349;PAD FOAM CUSHION LH;kotor
538;71504-BZ349;PAD FOAM CUSHION LH;bolong
539;71504-BZ349;PAD FOAM CUSHION LH;burry
540;71504-BZ349;PAD FOAM CUSHION LH;parting line
541;71504-BZ349;PAD FOAM CUSHION LH;wire pad tidak ada
542;71504-BZ349;PAD FOAM CUSHION LH;wire pad miring
543;71504-BZ349;PAD FOAM CUSHION LH;salah spec
544;71504-BZ349;PAD FOAM CUSHION LH;others
545;71076-BZB00; COVER CUSHION LH;Jahitan lepas
546;71076-BZB00; COVER CUSHION LH;Jahitan Kendor
547;71076-BZB00; COVER CUSHION LH;C-Ring T/A
548;71076-BZB00; COVER CUSHION LH;C-Ring Tidak Kena
549;71076-BZB00; COVER CUSHION LH;Benang loncat
550;71076-BZB00; COVER CUSHION LH;Benang Over
551;71076-BZB00; COVER CUSHION LH;Cover Kotor
552;71076-BZB00; COVER CUSHION LH;Dupplate 
553;71076-BZB00; COVER CUSHION LH;Scrath
554;71076-BZB00; COVER CUSHION LH;Motif Rusak
555;71075-BZF21; COVER CUSHION RH;cover tidak terjahit
556;71075-BZF21; COVER CUSHION RH;cover terjepit
557;71075-BZF21; COVER CUSHION RH;hole cover terlihat
558;71075-BZF21; COVER CUSHION RH;jahitan lepas
559;71075-BZF21; COVER CUSHION RH;jahitan miring
560;71075-BZF21; COVER CUSHION RH;jahitan kendur
561;71075-BZF21; COVER CUSHION RH;benang over
562;71075-BZF21; COVER CUSHION RH;cover kotor
563;71075-BZF21; COVER CUSHION RH;short mold
564;71075-BZF21; COVER CUSHION RH;dupplate
565;71075-BZF21; COVER CUSHION RH;scratch
566;71075-BZF21; COVER CUSHION RH;floating
567;71075-BZF21; COVER CUSHION RH;motif cover rusak
568;71075-BZF21; COVER CUSHION RH;beda warna
569;71075-BZF21; COVER CUSHION RH;sobek
570;71075-BZF21; COVER CUSHION RH;kontak pattern
571;71075-BZF21; COVER CUSHION RH;cover bolong
572;71075-BZF21; COVER CUSHION RH;c-ring tidak ada
573;71075-BZF21; COVER CUSHION RH;c-ring kedalaman
574;71075-BZF21; COVER CUSHION RH;others
575;71078-BZA60;COVER BACK LH;cover tidak terjahit
576;71078-BZA60;COVER BACK LH;cover terjepit
577;71078-BZA60;COVER BACK LH;hole cover terlihat
578;71078-BZA60;COVER BACK LH;jahitan lepas
579;71078-BZA60;COVER BACK LH;jahitan miring
580;71078-BZA60;COVER BACK LH;jahitan kendur
581;71078-BZA60;COVER BACK LH;benang over
582;71078-BZA60;COVER BACK LH;cover kotor
583;71078-BZA60;COVER BACK LH;short mold
584;71078-BZA60;COVER BACK LH;dupplate
585;71078-BZA60;COVER BACK LH;scratch
586;71078-BZA60;COVER BACK LH;floating
587;71078-BZA60;COVER BACK LH;motif cover rusak
588;71078-BZA60;COVER BACK LH;beda warna
589;71078-BZA60;COVER BACK LH;sobek
590;71078-BZA60;COVER BACK LH;kontak pattern
591;71078-BZA60;COVER BACK LH;cover bolong
592;71078-BZA60;COVER BACK LH;c-ring tidak ada
593;71078-BZA60;COVER BACK LH;c-ring kedalaman
594;71078-BZA60;COVER BACK LH;others
595;71077-BZC80;COVER BACK RH;cover tidak terjahit
596;71077-BZC80;COVER BACK RH;cover terjepit
597;71077-BZC80;COVER BACK RH;hole cover terlihat
598;71077-BZC80;COVER BACK RH;jahitan lepas
599;71077-BZC80;COVER BACK RH;jahitan miring
600;71077-BZC80;COVER BACK RH;jahitan kendur
601;71077-BZC80;COVER BACK RH;benang over
602;71077-BZC80;COVER BACK RH;cover kotor
603;71077-BZC80;COVER BACK RH;short mold
604;71077-BZC80;COVER BACK RH;dupplate
605;71077-BZC80;COVER BACK RH;scratch
606;71077-BZC80;COVER BACK RH;floating
607;71077-BZC80;COVER BACK RH;motif cover rusak
608;71077-BZC80;COVER BACK RH;beda warna
609;71077-BZC80;COVER BACK RH;sobek
610;71077-BZC80;COVER BACK RH;kontak pattern
611;71077-BZC80;COVER BACK RH;cover bolong
612;71077-BZC80;COVER BACK RH;c-ring tidak ada
613;71077-BZC80;COVER BACK RH;c-ring kedalaman
614;71077-BZC80;COVER BACK RH;others
615;71940-BZB80;HEADREST RR 1;part tidak terpasang
616;71940-BZB80;HEADREST RR 1;kotor
617;71940-BZB80;HEADREST RR 1;noise
618;71940-BZB80;HEADREST RR 1;salah spec
619;71940-BZB80;HEADREST RR 1;stay peeled off
620;71940-BZB80;HEADREST RR 1;stay grouving burry
621;71940-BZB80;HEADREST RR 1;stay karat
622;71940-BZB80;HEADREST RR 1;jahitan kendur
623;71940-BZB80;HEADREST RR 1;pad kempot
624;71940-BZB80;HEADREST RR 1;benang over
625;71940-BZB80;HEADREST RR 1;dupplate
626;71940-BZB80;HEADREST RR 1;scratch
627;71940-BZB80;HEADREST RR 1;motif cover rusak
628;71940-BZB80;HEADREST RR 1;beda warna (belang)
629;71940-BZB80;HEADREST RR 1;others
630;71960-BZ010;HEADREST RR1 CTR;part tidak terpasang
631;71960-BZ010;HEADREST RR1 CTR;kotor
632;71960-BZ010;HEADREST RR1 CTR;noise
633;71960-BZ010;HEADREST RR1 CTR;salah spec
634;71960-BZ010;HEADREST RR1 CTR;stay peeled off
635;71960-BZ010;HEADREST RR1 CTR;stay grouving burry
636;71960-BZ010;HEADREST RR1 CTR;stay karat
637;71960-BZ010;HEADREST RR1 CTR;jahitan kendur
638;71960-BZ010;HEADREST RR1 CTR;pad kempot
639;71960-BZ010;HEADREST RR1 CTR;benang over
640;71960-BZ010;HEADREST RR1 CTR;dupplate
641;71960-BZ010;HEADREST RR1 CTR;scratch
642;71960-BZ010;HEADREST RR1 CTR;motif cover rusak
643;71960-BZ010;HEADREST RR1 CTR;beda warna (belang)
644;71960-BZ010;HEADREST RR1 CTR;others
645;72694-BZ130;COVER LOCK OUTER UPPER RH;part tidak terpasang
646;72694-BZ130;COVER LOCK OUTER UPPER RH;kotor
647;72694-BZ130;COVER LOCK OUTER UPPER RH;short mold
648;72694-BZ130;COVER LOCK OUTER UPPER RH;whitening
649;72694-BZ130;COVER LOCK OUTER UPPER RH;scratch
650;72694-BZ130;COVER LOCK OUTER UPPER RH;unfix
651;72694-BZ130;COVER LOCK OUTER UPPER RH;beda warna (belang)
652;72694-BZ130;COVER LOCK OUTER UPPER RH;others
653;72159-BZ050;COVER LOCK OUTER LOWER RH;part tidak terpasang
654;72159-BZ050;COVER LOCK OUTER LOWER RH;kotor
655;72159-BZ050;COVER LOCK OUTER LOWER RH;short mold
656;72159-BZ050;COVER LOCK OUTER LOWER RH;whitening
657;72159-BZ050;COVER LOCK OUTER LOWER RH;scratch
658;72159-BZ050;COVER LOCK OUTER LOWER RH;unfix
659;72159-BZ050;COVER LOCK OUTER LOWER RH;beda warna (belang)
660;72159-BZ050;COVER LOCK OUTER LOWER RH;others
661;72665-BZ090;COVER LOCK INNER UPPER RH;part tidak terpasang
662;72665-BZ090;COVER LOCK INNER UPPER RH;kotor
663;72665-BZ090;COVER LOCK INNER UPPER RH;short mold
664;72665-BZ090;COVER LOCK INNER UPPER RH;whitening
665;72665-BZ090;COVER LOCK INNER UPPER RH;scratch
666;72665-BZ090;COVER LOCK INNER UPPER RH;unfix
667;72665-BZ090;COVER LOCK INNER UPPER RH;beda warna (belang)
668;72665-BZ090;COVER LOCK INNER UPPER RH;others
669;72157-BZ060;COVER LOCK INNER LOWER RH;part tidak terpasang
670;72157-BZ060;COVER LOCK INNER LOWER RH;kotor
671;72157-BZ060;COVER LOCK INNER LOWER RH;short mold
672;72157-BZ060;COVER LOCK INNER LOWER RH;whitening
673;72157-BZ060;COVER LOCK INNER LOWER RH;scratch
674;72157-BZ060;COVER LOCK INNER LOWER RH;unfix
675;72157-BZ060;COVER LOCK INNER LOWER RH;beda warna (belang)
676;72157-BZ060;COVER LOCK INNER LOWER RH;others
677;72694-BZ140;COVER LOCK OUTER UPPER LH;part tidak terpasang
678;72694-BZ140;COVER LOCK OUTER UPPER LH;kotor
679;72694-BZ140;COVER LOCK OUTER UPPER LH;short mold
680;72694-BZ140;COVER LOCK OUTER UPPER LH;whitening
681;72694-BZ140;COVER LOCK OUTER UPPER LH;scratch
682;72694-BZ140;COVER LOCK OUTER UPPER LH;unfix
683;72694-BZ140;COVER LOCK OUTER UPPER LH;beda warna (belang)
684;72694-BZ140;COVER LOCK OUTER UPPER LH;others
685;72159-BZ060;COVER LOCK OUTER LOWER LH;part tidak terpasang
686;72159-BZ060;COVER LOCK OUTER LOWER LH;kotor
687;72159-BZ060;COVER LOCK OUTER LOWER LH;short mold
688;72159-BZ060;COVER LOCK OUTER LOWER LH;whitening
689;72159-BZ060;COVER LOCK OUTER LOWER LH;scratch
690;72159-BZ060;COVER LOCK OUTER LOWER LH;unfix
691;72159-BZ060;COVER LOCK OUTER LOWER LH;beda warna (belang)
692;72159-BZ060;COVER LOCK OUTER LOWER LH;others
693;72666-BZ060;COVER LOCK INNER UPPER LH;part tidak terpasang
694;72666-BZ060;COVER LOCK INNER UPPER LH;kotor
695;72666-BZ060;COVER LOCK INNER UPPER LH;short mold
696;72666-BZ060;COVER LOCK INNER UPPER LH;whitening
697;72666-BZ060;COVER LOCK INNER UPPER LH;scratch
698;72666-BZ060;COVER LOCK INNER UPPER LH;unfix
699;72666-BZ060;COVER LOCK INNER UPPER LH;beda warna (belang)
700;72666-BZ060;COVER LOCK INNER UPPER LH;others
701;72158-BZ050;COVER LOCK INNER LOWER LH;part tidak terpasang
702;72158-BZ050;COVER LOCK INNER LOWER LH;kotor
703;72158-BZ050;COVER LOCK INNER LOWER LH;short mold
704;72158-BZ050;COVER LOCK INNER LOWER LH;whitening
705;72158-BZ050;COVER LOCK INNER LOWER LH;scratch
706;72158-BZ050;COVER LOCK INNER LOWER LH;unfix
707;72158-BZ050;COVER LOCK INNER LOWER LH;beda warna (belang)
708;72158-BZ050;COVER LOCK INNER LOWER LH;others
709;73330-BZ200;SAFTY BELT RH;part tidak terpasang
710;73330-BZ200;SAFTY BELT RH;buckle not function
711;73330-BZ200;SAFTY BELT RH;kotor
712;73330-BZ200;SAFTY BELT RH;noise
713;73330-BZ200;SAFTY BELT RH;short mold
714;73330-BZ200;SAFTY BELT RH;scratch
715;73330-BZ200;SAFTY BELT RH;unfix
716;73330-BZ200;SAFTY BELT RH;salah spec
717;73330-BZ200;SAFTY BELT RH;bolt miring
718;73330-BZ200;SAFTY BELT RH;beda warna (belang)
719;73330-BZ200;SAFTY BELT RH;others
720;73340-BZ180;SAFTY BELT LH;part tidak terpasang
721;73340-BZ180;SAFTY BELT LH;buckle not function
722;73340-BZ180;SAFTY BELT LH;kotor
723;73340-BZ180;SAFTY BELT LH;noise
724;73340-BZ180;SAFTY BELT LH;short mold
725;73340-BZ180;SAFTY BELT LH;scratch
726;73340-BZ180;SAFTY BELT LH;unfix
727;73340-BZ180;SAFTY BELT LH;salah spec
728;73340-BZ180;SAFTY BELT LH;bolt miring
729;73340-BZ180;SAFTY BELT LH;beda warna (belang)
730;73340-BZ180;SAFTY BELT LH;others
731;72173-BZ010;HANDLE TRACK RH;part tidak terpasang
732;72173-BZ010;HANDLE TRACK RH;noise
733;72173-BZ010;HANDLE TRACK RH;unfix
734;72173-BZ010;HANDLE TRACK RH;gata-gata
735;72173-BZ010;HANDLE TRACK RH;peeled off
736;72173-BZ010;HANDLE TRACK RH;painting rusak
737;72173-BZ010;HANDLE TRACK RH;scrath
738;72173-BZ010;HANDLE TRACK RH;others
739;72173-BZ020;HANDLE TRACK LH;part tidak terpasang
740;72173-BZ020;HANDLE TRACK LH;noise
741;72173-BZ020;HANDLE TRACK LH;unfix
742;72173-BZ020;HANDLE TRACK LH;gata-gata
743;72173-BZ020;HANDLE TRACK LH;peeled off
744;72173-BZ020;HANDLE TRACK LH;painting rusak
745;72173-BZ020;HANDLE TRACK LH;scrath
746;72173-BZ020;HANDLE TRACK LH;others
747;71878-BZ050;COVER HINGE INNER RH;part tidak terpasang
748;71878-BZ050;COVER HINGE INNER RH;kotor
749;71878-BZ050;COVER HINGE INNER RH;short mold
750;71878-BZ050;COVER HINGE INNER RH;whitening
751;71878-BZ050;COVER HINGE INNER RH;scratch
752;71878-BZ050;COVER HINGE INNER RH;unfix
753;71878-BZ050;COVER HINGE INNER RH;beda warna (belang)
754;71878-BZ050;COVER HINGE INNER RH;screw kendor
755;71878-BZ050;COVER HINGE INNER RH;screw t/a
756;71878-BZ050;COVER HINGE INNER RH;others
757;71691-BZ040;COVER HINGE OUTTER RH;part tidak terpasang
758;71691-BZ040;COVER HINGE OUTTER RH;kotor
759;71691-BZ040;COVER HINGE OUTTER RH;short mold
760;71691-BZ040;COVER HINGE OUTTER RH;whitening
761;71691-BZ040;COVER HINGE OUTTER RH;scratch
762;71691-BZ040;COVER HINGE OUTTER RH;unfix
763;71691-BZ040;COVER HINGE OUTTER RH;beda warna (belang)
764;71691-BZ040;COVER HINGE OUTTER RH;screw kendor
765;71691-BZ040;COVER HINGE OUTTER RH;screw t/a
766;71691-BZ040;COVER HINGE OUTTER RH;others
767;71879-BZ040;COVER HINGE INNER LH;part tidak terpasang
768;71879-BZ040;COVER HINGE INNER LH;kotor
769;71879-BZ040;COVER HINGE INNER LH;short mold
770;71879-BZ040;COVER HINGE INNER LH;whitening
771;71879-BZ040;COVER HINGE INNER LH;scratch
772;71879-BZ040;COVER HINGE INNER LH;unfix
773;71879-BZ040;COVER HINGE INNER LH;beda warna (belang)
774;71879-BZ040;COVER HINGE INNER LH;others
775;71692-BZ060;COVER HINGE OUTTER LH;part tidak terpasang
776;71692-BZ060;COVER HINGE OUTTER LH;kotor
777;71692-BZ060;COVER HINGE OUTTER LH;short mold
778;71692-BZ060;COVER HINGE OUTTER LH;whitening
779;71692-BZ060;COVER HINGE OUTTER LH;scratch
780;71692-BZ060;COVER HINGE OUTTER LH;unfix
781;71692-BZ060;COVER HINGE OUTTER LH;beda warna (belang)
782;71692-BZ060;COVER HINGE OUTTER LH;screw kendor
783;71692-BZ060;COVER HINGE OUTTER LH;screw t/a
784;71692-BZ060;COVER HINGE OUTTER LH;others
785;72129-BZ010;COVER LEG;part tidak terpasang
786;72129-BZ010;COVER LEG;kotor
787;72129-BZ010;COVER LEG;short mold
788;72129-BZ010;COVER LEG;whitening
789;72129-BZ010;COVER LEG;scratch
790;72129-BZ010;COVER LEG;unfix
791;72129-BZ010;COVER LEG;beda warna (belang)
792;72129-BZ010;COVER LEG;others
793;71833-BZ060;COVER RECLINING RH;part tidak terpasang
794;71833-BZ060;COVER RECLINING RH;kotor
795;71833-BZ060;COVER RECLINING RH;short mold
796;71833-BZ060;COVER RECLINING RH;whitening
797;71833-BZ060;COVER RECLINING RH;scratch
798;71833-BZ060;COVER RECLINING RH;unfix
799;71833-BZ060;COVER RECLINING RH;beda warna (belang)
800;71833-BZ060;COVER RECLINING RH;screw kendor
801;71833-BZ060;COVER RECLINING RH;screw t/a
802;71833-BZ060;COVER RECLINING RH;others
803;71834-BZ070-B0;COVER RECLINING LH;part tidak terpasang
804;71834-BZ070-B0;COVER RECLINING LH;kotor
805;71834-BZ070-B0;COVER RECLINING LH;short mold
806;71834-BZ070-B0;COVER RECLINING LH;whitening
807;71834-BZ070-B0;COVER RECLINING LH;scratch
808;71834-BZ070-B0;COVER RECLINING LH;unfix
809;71834-BZ070-B0;COVER RECLINING LH;beda warna (belang)
810;71834-BZ070-B0;COVER RECLINING LH;screw kendor
811;71834-BZ070-B0;COVER RECLINING LH;screw t/a
812;71834-BZ070-B0;COVER RECLINING LH;others
813;72637-BZ110;HANDLE RECLINING RH/LH;part tidak terpasang
814;72637-BZ110;HANDLE RECLINING RH/LH;kotor
815;72637-BZ110;HANDLE RECLINING RH/LH;noise
816;72637-BZ110;HANDLE RECLINING RH/LH;short mold
817;72637-BZ110;HANDLE RECLINING RH/LH;whitening
818;72637-BZ110;HANDLE RECLINING RH/LH;scratch
819;72637-BZ110;HANDLE RECLINING RH/LH;unfix
820;72637-BZ110;HANDLE RECLINING RH/LH;snap ring t/a
821;72637-BZ110;HANDLE RECLINING RH/LH;others
822;72695-BZ100;KABEL LINK RH;part tidak terpasang
823;72695-BZ100;KABEL LINK RH;kotor
824;72695-BZ100;KABEL LINK RH;noise
825;72695-BZ100;KABEL LINK RH;unfix
826;72695-BZ100;KABEL LINK RH;salah spec
827;72695-BZ100;KABEL LINK RH;others
828;72695-BZ120;KABEL LINK LH;part tidak terpasang
829;72695-BZ120;KABEL LINK LH;kotor
830;72695-BZ120;KABEL LINK LH;noise
831;72695-BZ120;KABEL LINK LH;unfix
832;72695-BZ120;KABEL LINK LH;salah spec
833;72695-BZ120;KABEL LINK LH;others
834;79203-BZ020;FRAME BACK;part tidak terpasang
835;79203-BZ020;FRAME BACK;noise
836;79203-BZ020;FRAME BACK;welding over
837;79203-BZ020;FRAME BACK;welding t/a
838;79203-BZ020;FRAME BACK;pecok
839;79203-BZ020;FRAME BACK;karat
840;79203-BZ020;FRAME BACK;reclening loss
841;79203-BZ020;FRAME BACK;folding lemah
842;79203-BZ020;FRAME BACK;gata-gata
843;79203-BZ020;FRAME BACK;bolt miring
844;79203-BZ020;FRAME BACK;bolt loss
845;79203-BZ020;FRAME BACK;under torque
846;79203-BZ020;FRAME BACK;others
847;79360-BZ080;FRAME CUSH;part tidak terpasang
848;79360-BZ080;FRAME CUSH;noise
849;79360-BZ080;FRAME CUSH;welding over
850;79360-BZ080;FRAME CUSH;welding t/a
851;79360-BZ080;FRAME CUSH;pecok
852;79360-BZ080;FRAME CUSH;karat
853;79360-BZ080;FRAME CUSH;reclening loss
854;79360-BZ080;FRAME CUSH;folding lemah
855;79360-BZ080;FRAME CUSH;gata-gata
856;79360-BZ080;FRAME CUSH;bolt miring
857;79360-BZ080;FRAME CUSH;bolt loss
858;79360-BZ080;FRAME CUSH;under torque
859;79360-BZ080;FRAME CUSH;others
860;79027-BZ030;PAD FOAM BACK ;sobek
861;79027-BZ030;PAD FOAM BACK ;short mold
862;79027-BZ030;PAD FOAM BACK ;terlipat
863;79027-BZ030;PAD FOAM BACK ;pecok
864;79027-BZ030;PAD FOAM BACK ;keropos
865;79027-BZ030;PAD FOAM BACK ;kotor
866;79027-BZ030;PAD FOAM BACK ;bolong
867;79027-BZ030;PAD FOAM BACK ;burry
868;79027-BZ030;PAD FOAM BACK ;parting line
869;79027-BZ030;PAD FOAM BACK ;wire pad tidak ada
870;79027-BZ030;PAD FOAM BACK ;wire pad miring
871;79027-BZ030;PAD FOAM BACK ;salah spec
872;79027-BZ030;PAD FOAM BACK ;others
873;79025-BZ030;PAD FOAM CUSHION;sobek
874;79025-BZ030;PAD FOAM CUSHION;short mold
875;79025-BZ030;PAD FOAM CUSHION;terlipat
876;79025-BZ030;PAD FOAM CUSHION;pecok
877;79025-BZ030;PAD FOAM CUSHION;keropos
878;79025-BZ030;PAD FOAM CUSHION;kotor
879;79025-BZ030;PAD FOAM CUSHION;bolong
880;79025-BZ030;PAD FOAM CUSHION;burry
881;79025-BZ030;PAD FOAM CUSHION;parting line
882;79025-BZ030;PAD FOAM CUSHION;wire pad tidak ada
883;79025-BZ030;PAD FOAM CUSHION;wire pad miring
884;79025-BZ030;PAD FOAM CUSHION;salah spec
885;79025-BZ030;PAD FOAM CUSHION;others
886;79023-BZ750;COVER BACK ;cover tidak terjahit
887;79023-BZ750;COVER BACK ;cover terjepit
888;79023-BZ750;COVER BACK ;hole cover terlihat
889;79023-BZ750;COVER BACK ;jahitan lepas
890;79023-BZ750;COVER BACK ;jahitan miring
891;79023-BZ750;COVER BACK ;jahitan kendur
892;79023-BZ750;COVER BACK ;benang over
893;79023-BZ750;COVER BACK ;cover kotor
894;79023-BZ750;COVER BACK ;short mold
895;79023-BZ750;COVER BACK ;dupplate
896;79023-BZ750;COVER BACK ;scratch
897;79023-BZ750;COVER BACK ;floating
898;79023-BZ750;COVER BACK ;motif cover rusak
899;79023-BZ750;COVER BACK ;beda warna
900;79023-BZ750;COVER BACK ;sobek
901;79023-BZ750;COVER BACK ;kontak pattern
902;79023-BZ750;COVER BACK ;cover bolong
903;79023-BZ750;COVER BACK ;c-ring tidak ada
904;79023-BZ750;COVER BACK ;c-ring kedalaman
905;79023-BZ750;COVER BACK ;others
906;79021-BZ800;COVER CUSHION;cover tidak terjahit
907;79021-BZ800;COVER CUSHION;cover terjepit
908;79021-BZ800;COVER CUSHION;hole cover terlihat
909;79021-BZ800;COVER CUSHION;jahitan lepas
910;79021-BZ800;COVER CUSHION;jahitan miring
911;79021-BZ800;COVER CUSHION;jahitan kendur
912;79021-BZ800;COVER CUSHION;benang over
913;79021-BZ800;COVER CUSHION;cover kotor
914;79021-BZ800;COVER CUSHION;short mold
915;79021-BZ800;COVER CUSHION;dupplate
916;79021-BZ800;COVER CUSHION;scratch
917;79021-BZ800;COVER CUSHION;floating
918;79021-BZ800;COVER CUSHION;motif cover rusak
919;79021-BZ800;COVER CUSHION;beda warna
920;79021-BZ800;COVER CUSHION;sobek
921;79021-BZ800;COVER CUSHION;kontak pattern
922;79021-BZ800;COVER CUSHION;cover bolong
923;79021-BZ800;COVER CUSHION;c-ring tidak ada
924;79021-BZ800;COVER CUSHION;c-ring kedalaman
925;79021-BZ800;COVER CUSHION;others
926;71303-BZ110;HINGE RH;seal tipe t/a
927;71303-BZ110;HINGE RH;over greas
928;71303-BZ110;HINGE RH;salah spec
929;71303-BZ110;HINGE RH;kotor
930;71303-BZ110;HINGE RH;burry
931;71303-BZ110;HINGE RH;karat
932;71303-BZ110;HINGE RH;painting rusak
933;71303-BZ110;HINGE RH;gata-gata
934;71303-BZ110;HINGE RH;noise
935;71303-BZ110;HINGE RH;others
936;71304-BZ060;HINGE LH;seal tipe t/a
937;71304-BZ060;HINGE LH;over greas
938;71304-BZ060;HINGE LH;salah spec
939;71304-BZ060;HINGE LH;kotor
940;71304-BZ060;HINGE LH;burry
941;71304-BZ060;HINGE LH;karat
942;71304-BZ060;HINGE LH;painting rusak
943;71304-BZ060;HINGE LH;gata-gata
944;71304-BZ060;HINGE LH;noise
945;71304-BZ060;HINGE LH;others
946;71485-BZ062;COVER HINGE RH;part tidak terpasang
947;71485-BZ062;COVER HINGE RH;kotor
948;71485-BZ062;COVER HINGE RH;short mold
949;71485-BZ062;COVER HINGE RH;whitening
950;71485-BZ062;COVER HINGE RH;scratch
951;71485-BZ062;COVER HINGE RH;unfix
952;71485-BZ062;COVER HINGE RH;beda warna (belang)
953;71485-BZ062;COVER HINGE RH;screw kendur
954;71485-BZ062;COVER HINGE RH;screw kedalaman
955;71485-BZ062;COVER HINGE RH;screw tidak ada
956;71485-BZ062;COVER HINGE RH;others
957;79273-B7042;COVER HINGE LH;part tidak terpasang
958;79273-B7042;COVER HINGE LH;kotor
959;79273-B7042;COVER HINGE LH;short mold
960;79273-B7042;COVER HINGE LH;whitening
961;79273-B7042;COVER HINGE LH;scratch
962;79273-B7042;COVER HINGE LH;unfix
963;79273-B7042;COVER HINGE LH;beda warna (belang)
964;79273-B7042;COVER HINGE LH;screw kendur
965;79273-B7042;COVER HINGE LH;screw kedalaman
966;79273-B7042;COVER HINGE LH;screw tidak ada
967;79273-B7042;COVER HINGE LH;others
968;72213-BZ010;KNOP HANDLE HING;part tidak terpasang
969;72213-BZ010;KNOP HANDLE HING;salah spec
970;72213-BZ010;KNOP HANDLE HING;short mold
971;72213-BZ010;KNOP HANDLE HING;unfix
972;72213-BZ010;KNOP HANDLE HING;over lem
973;72213-BZ010;KNOP HANDLE HING;others
974;21552-BZ020;BUSHING HINGE;part tidak terpasang
975;21552-BZ020;BUSHING HINGE;bushing pecah
976;21552-BZ020;BUSHING HINGE;short mold
977;21552-BZ020;BUSHING HINGE;unfix
978;21552-BZ020;BUSHING HINGE;others
979;S380-00018;BUSHING HINGE;part tidak terpasang
980;S380-00018;BUSHING HINGE;bushing pecah
981;S380-00018;BUSHING HINGE;short mold
982;S380-00018;BUSHING HINGE;unfix
983;S380-00018;BUSHING HINGE;others
984;A335-87403;LEG OVAL;part tidak terpasang
985;A335-87403;LEG OVAL;kotor
986;A335-87403;LEG OVAL;burry
987;A335-87403;LEG OVAL;karat
988;A335-87403;LEG OVAL;noise
989;A335-87403;LEG OVAL;bolt loss
990;A335-87403;LEG OVAL;bolt miring
991;A335-87403;LEG OVAL;nut loss
992;A335-87403;LEG OVAL;salah spec
993;A335-87403;LEG OVAL;pin leg terbalik
994;A335-87403;LEG OVAL;pin stopper terbalik
995;A335-87403;LEG OVAL;peeled off
996;A335-87403;LEG OVAL;painting rusak
997;A335-87403;LEG OVAL;washer tidak ada
998;A335-87403;LEG OVAL;others
999;A336-87403;LEG BULAT;part tidak terpasang
1000;A336-87403;LEG BULAT;kotor
1001;A336-87403;LEG BULAT;burry
1002;A336-87403;LEG BULAT;karat
1003;A336-87403;LEG BULAT;noise
1004;A336-87403;LEG BULAT;bolt loss
1005;A336-87403;LEG BULAT;bolt miring
1006;A336-87403;LEG BULAT;nut loss
1007;A336-87403;LEG BULAT;salah spec
1008;A336-87403;LEG BULAT;pin leg terbalik
1009;A336-87403;LEG BULAT;pin stopper terbalik
1010;A336-87403;LEG BULAT;peeled off
1011;A336-87403;LEG BULAT;painting rusak
1012;A336-87403;LEG BULAT;washer tidak ada
1013;A336-87403;LEG BULAT;others
1014;78980-BZ090;BAND ASSY SEAT;part tidak terpasang
1015;78980-BZ090;BAND ASSY SEAT;salah spec
1016;78980-BZ090;BAND ASSY SEAT;posisi terbalik
1017;78980-BZ090;BAND ASSY SEAT;part lepas
1018;78980-BZ090;BAND ASSY SEAT;unfix
1019;78980-BZ090;BAND ASSY SEAT;others
1020;71393-BZ030;BAND ASSY LOCK;part tidak terpasang
1021;71393-BZ030;BAND ASSY LOCK;salah spec
1022;71393-BZ030;BAND ASSY LOCK;posisi terbalik
1023;71393-BZ030;BAND ASSY LOCK;part lepas
1024;71393-BZ030;BAND ASSY LOCK;unfix
1025;71393-BZ030;BAND ASSY LOCK;others
1026;72670-BZ140;LOCK;part tidak terpasang
1027;72670-BZ140;LOCK;unlock
1028;72670-BZ140;LOCK;touching
1029;72670-BZ140;LOCK;lock tidak fungsi
1030;72670-BZ140;LOCK;rubber lock t/a
1031;72670-BZ140;LOCK;others
1032;79952-BZ110;COVER LOCK;part tidak terpasang
1033;79952-BZ110;COVER LOCK;kotor
1034;79952-BZ110;COVER LOCK;short mold
1035;79952-BZ110;COVER LOCK;whitening
1036;79952-BZ110;COVER LOCK;scratch
1037;79952-BZ110;COVER LOCK;unfix
1038;79952-BZ110;COVER LOCK;beda warna (belang)
1039;79952-BZ110;COVER LOCK;screw kendur
1040;79952-BZ110;COVER LOCK;screw kedalaman
1041;79952-BZ110;COVER LOCK;screw tidak ada
1042;79952-BZ110;COVER LOCK;others
1043;71930-BZ050;SUPPORT H/R LOCK;part tidak terpasang
1044;71930-BZ050;SUPPORT H/R LOCK;scratch
1045;71930-BZ050;SUPPORT H/R LOCK;short mold
1046;71930-BZ050;SUPPORT H/R LOCK;whitening
1047;71930-BZ050;SUPPORT H/R LOCK;unfix
1048;71930-BZ050;SUPPORT H/R LOCK;sliding keras
1049;71930-BZ050;SUPPORT H/R LOCK;salah spec
1050;71930-BZ050;SUPPORT H/R LOCK;unlock / loss
1051;71930-BZ050;SUPPORT H/R LOCK;beda warna (belang)
1052;71930-BZ050;SUPPORT H/R LOCK;others
1053;71931-BZ060;SUPPORT H/R POLOS;part tidak terpasang
1054;71931-BZ060;SUPPORT H/R POLOS;scratch
1055;71931-BZ060;SUPPORT H/R POLOS;short mold
1056;71931-BZ060;SUPPORT H/R POLOS;whitening
1057;71931-BZ060;SUPPORT H/R POLOS;unfix
1058;71931-BZ060;SUPPORT H/R POLOS;sliding keras
1059;71931-BZ060;SUPPORT H/R POLOS;salah spec
1060;71931-BZ060;SUPPORT H/R POLOS;unlock / loss
1061;71931-BZ060;SUPPORT H/R POLOS;beda warna (belang)
1062;71931-BZ060;SUPPORT H/R POLOS;others
1063;91970-BZ070;HEADREST;part tidak terpasang
1064;91970-BZ070;HEADREST;kotor
1065;91970-BZ070;HEADREST;noise
1066;91970-BZ070;HEADREST;salah spec
1067;91970-BZ070;HEADREST;stay peeled off
1068;91970-BZ070;HEADREST;stay grouving burry
1069;91970-BZ070;HEADREST;stay karat
1070;91970-BZ070;HEADREST;jahitan kendur
1071;91970-BZ070;HEADREST;pad kempot
1072;91970-BZ070;HEADREST;benang over
1073;91970-BZ070;HEADREST;dupplate
1074;91970-BZ070;HEADREST;scratch
1075;91970-BZ070;HEADREST;motif cover rusak
1076;91970-BZ070;HEADREST;beda warna (belang)
1077;91970-BZ070;HEADREST;others
1078;72179-BZ080;RUBBER;part tidak terpasang
1079;72179-BZ080;RUBBER;salah spec
1080;72179-BZ080;RUBBER;short mold
1081;72179-BZ080;RUBBER;others
1082;73060-BZ090;SAFETY BELT;part tidak terpasang
1083;73060-BZ090;SAFETY BELT;buckle not function
1084;73060-BZ090;SAFETY BELT;kotor
1085;73060-BZ090;SAFETY BELT;noise
1086;73060-BZ090;SAFETY BELT;short mold
1087;73060-BZ090;SAFETY BELT;scratch
1088;73060-BZ090;SAFETY BELT;unfix
1089;73060-BZ090;SAFETY BELT;salah spec
1090;73060-BZ090;SAFETY BELT;bolt loss
1091;73060-BZ090;SAFETY BELT;bolt miring
1092;73060-BZ090;SAFETY BELT;nut loss
1093;73060-BZ090;SAFETY BELT;under torque
1094;73060-BZ090;SAFETY BELT;beda warna (belang)
1095;73060-BZ090;SAFETY BELT;others
1096;9004A-46143;CLIP;part tidak terpasang
1097;9004A-46143;CLIP;unfix
1098;9004A-46143;CLIP;short mold
1099;9004A-46143;CLIP;others
1100;71127-BZ010;RESIN PLATE FR CUSHION;part tidak terpasang
1101;71127-BZ010;RESIN PLATE FR CUSHION;kotor
1102;71127-BZ010;RESIN PLATE FR CUSHION;short mold
1103;71127-BZ010;RESIN PLATE FR CUSHION;scratch
1104;71127-BZ010;RESIN PLATE FR CUSHION;unfix
1105;71127-BZ010;RESIN PLATE FR CUSHION;screw kendur
1106;71127-BZ010;RESIN PLATE FR CUSHION;others
1107;91552-81030;BOLT FLANGE;part tidak terpasang
1108;91552-81030;BOLT FLANGE;bolt miring
1109;91552-81030;BOLT FLANGE;bolt loss
1110;91552-81030;BOLT FLANGE;bolt kendur
1111;91552-81030;BOLT FLANGE;under torque
1112;91552-81030;BOLT FLANGE;salah spec
1113;91552-81030;BOLT FLANGE;others
1114;72670-BZ130;LOCK RR.1 CUSHION RH;part tidak terpasang
1115;72670-BZ130;LOCK RR.1 CUSHION RH;unlock
1116;72670-BZ130;LOCK RR.1 CUSHION RH;touching
1117;72670-BZ130;LOCK RR.1 CUSHION RH;not function
1118;72670-BZ130;LOCK RR.1 CUSHION RH;rubber lock t/a
1119;72680-BZ200;LOCK RR.1 CUSHION LH;part tidak terpasang
1120;72680-BZ200;LOCK RR.1 CUSHION LH;unlock
1121;72680-BZ200;LOCK RR.1 CUSHION LH;touching
1122;72680-BZ200;LOCK RR.1 CUSHION LH;not function
1123;72680-BZ200;LOCK RR.1 CUSHION LH;rubber lock t/a
1124;72680-BZ200;LOCK RR.1 CUSHION LH;others
1125;B235-87401;SPRING BAR S/TRACK RR.1 RH;part tidak terpasang
1126;B235-87401;SPRING BAR S/TRACK RR.1 RH;karat
1127;B235-87401;SPRING BAR S/TRACK RR.1 RH;kotor
1128;B235-87401;SPRING BAR S/TRACK RR.1 RH;salah spec
1129;B235-87401;SPRING BAR S/TRACK RR.1 RH;others
1130;B236-87401;SPRING BAR S/TRACK RR.1 LH;part tidak terpasang
1131;B236-87401;SPRING BAR S/TRACK RR.1 LH;karat
1132;B236-87401;SPRING BAR S/TRACK RR.1 LH;kotor
1133;B236-87401;SPRING BAR S/TRACK RR.1 LH;salah spec
1134;B236-87401;SPRING BAR S/TRACK RR.1 LH;others
1135;S830-00022;BUSHING;part tidak terpasang
1136;S830-00022;BUSHING;bushing pecah
1137;S830-00022;BUSHING;short mold
1138;S830-00022;BUSHING;unfix
1139;S830-00022;BUSHING;others
1140;47779-BZ010;BUSHING LEG;part tidak terpasang
1141;47779-BZ010;BUSHING LEG;bushing pecah
1142;47779-BZ010;BUSHING LEG;short mold
1143;47779-BZ010;BUSHING LEG;unfix
1144;47779-BZ010;BUSHING LEG;others
1145;S380-00023;BUSHING HINGE LOCK;part tidak terpasang
1146;S380-00023;BUSHING HINGE LOCK;bushing pecah
1147;S380-00023;BUSHING HINGE LOCK;short mold
1148;S380-00023;BUSHING HINGE LOCK;unfix
1149;S380-00023;BUSHING HINGE LOCK;others
1150;S183-00007;WASHER LOCK KECIL;part tidak terpasang
1151;S183-00007;WASHER LOCK KECIL;karat
1152;S183-00007;WASHER LOCK KECIL;kotor
1153;S183-00007;WASHER LOCK KECIL;salah spec
1154;S183-00007;WASHER LOCK KECIL;others
1155;90041-83061;WASHER LOCK BESAR;part tidak terpasang
1156;90041-83061;WASHER LOCK BESAR;karat
1157;90041-83061;WASHER LOCK BESAR;kotor
1158;90041-83061;WASHER LOCK BESAR;salah spec
1159;90041-83061;WASHER LOCK BESAR;others
1160;71694-BZ030;COVER, RR SEAT CUSHION HINGE, LWR LH;kotor
1161;71844-BZ010;COVER, RR SEAT RECLINING, NO.2 LH;kotor
1162;71876-BZ090;COVER, RECLINING ADJUSTER INSIDE, LH;kotor
1163;71876-BZ080;COVER, RECLINING ADJUSTER INSIDE, LH;kotor
1164;71879-BZ090;COVER, RR SEAT RECLINING, INNER LH;kotor
1165;71694-BZ020;COVER, RR SEAT CUSHION HINGE, LWR LH;kotor
1166;73580-BZ040;BELT ASSY, RR NO.2 SEAT, INNER;kotor
1167;73580-BZ090;BELT ASSY, RR NO.2 SEAT, INNER;kotor
1168;73580-BZ030;BELT ASSY, RR NO.2 SEAT, INNER ;kotor
1169;71970-BZ230;HEADREST ASSY, NO.2 SEAT;kotor
1170;71970-BZ240;HEADREST ASSY, NO.2 SEAT;kotor
1171;71940 -BZF00 ;HEADREST ASSY, NO.2 SEAT BENCH ;kotor
1172;72994-BZ020;COVER, RR SEAT BACK LH;kotor
1173;72921-BZ010;STRAP, 3RD SEAT;kotor
1174;71930-OK050;Support Assy  FR Seat Headrest;kotor
1175;71931-OK040;Support FR seat Headrest RH;kotor
1176;71693-BZ040;COVER, RR SEAT CUSHION HINGE, LWR RH;kotor
1177;71843-BZ010;COVER, RR SEAT RECLINING, NO.2 RH;kotor
1178;71875-BZ100;COVER, RECLINING ADJUSTER INSIDE, RH;kotor
1179;71875-BZ110;COVER, RECLINING ADJUSTER INSIDE, RH;kotor
1180;71878-BZ090;COVER, RR SEAT RECLINING, INNER RH;kotor
1181;71693-BZ050;COVER, RR SEAT CUSHION HINGE, LWR RH;kotor
1182;72991-BZ250;COVER, FR SEAT CUSHION;kotor
1183;72694-BZ240;COVER, RR SEAT CUSHION LOCK;kotor
